url,prefix_1,prefix_2,prefix_3,prefix_4,prefix_5,prefix_6,prefix_7,prefix_8,popularity
http://upload.wikimedia.org/wikipedia/en/thumb/e/e4/James_Johnson.jpg/200px-James_Johnson.jpg,1,1,1,1,1,1,1,1,0
http://en.wikipedia.org/images/wiki-en.png,2,2,2,0,0,0,0,0,1
http://upload.wikimedia.org/wikipedia/commons/thumb/b/b9/Flag_of_Australia.svg/22px-Flag_of_Australia.svg.png,1,1,3,1,2,2,2,2,0
http://es.wikipedia.org/w/index.php?title=-&action=raw&gen=js&useskin=monobook,3,3,4,0,0,0,0,0,0
http://en.wikipedia.org/w/index.php?title=MediaWiki:Monobook.css&usemsgcache=yes&action=raw&ctype=text/css&smaxage=2678400,2,3,5,2,0,0,0,0,1
http://upload.wikimedia.org/wikipedia/en/thumb/4/4a/Commons-logo.svg/50px-Commons-logo.svg.png,1,1,1,1,3,3,3,3,0
http://en.wikipedia.org/skins-1.5/monobook/IE60Fixes.css?99,2,4,6,3,0,0,0,0,1
http://upload.wikimedia.org/wikipedia/commons/thumb/9/9a/Flag_of_Spain.svg/20px-Flag_of_Spain.svg.png,1,1,3,1,4,4,4,4,0
http://pl.wikipedia.org/skins-1.5/common/images/poweredby_mediawiki_88x31.png,4,4,7,4,5,0,0,0,0
http://upload.wikimedia.org/wikipedia/commons/thumb/6/6b/Cathedrale_d_angers_1.jpg/180px-Cathedrale_d_angers_1.jpg,1,1,3,1,6,5,5,5,0
http://pl.wikipedia.org/skins-1.5/common/commonPrint.css?99,4,4,7,5,0,0,0,0,0
http://upload.wikimedia.org/wikipedia/commons/thumb/5/53/Wikimedia-logo.png/75px-Wikimedia-logo.png,1,1,3,1,7,6,6,6,0
http://upload.wikimedia.org/wikipedia/commons/thumb/6/68/Gay_flag.svg/100px-Gay_flag.svg.png,1,1,3,1,6,7,7,7,0
http://de.wikipedia.org/skins-1.5/monobook/main.css?90,5,4,6,6,0,0,0,0,0
http://en.wikipedia.org/skins-1.5/common/images/magnify-clip.png,2,4,7,4,8,0,0,0,1
http://upload.wikimedia.org/wikipedia/commons/d/d4/Button_hide.png,1,1,3,7,9,8,0,0,0
http://en.wikipedia.org/skins-1.5/monobook/headbg.jpg,2,4,6,8,0,0,0,0,1
http://en.wiktionary.org/wiki/revealed,6,5,8,0,0,0,0,0,0
http://en.wikipedia.org/wiki/Beowulf_%282007_film%29,2,5,9,0,0,0,0,0,0
http://pt.wikipedia.org/skins-1.5/common/images/button_sig.png,7,4,7,4,10,0,0,0,0
http://es.wikipedia.org/wiki/Cha%C3%AFm_Perelman,3,5,10,0,0,0,0,0,0
http://de.wikipedia.org/skins-1.5/monobook/main.css?99,5,4,6,9,0,0,0,0,0
http://hu.wikipedia.org/skins-1.5/monobook/headbg.jpg,8,4,6,8,0,0,0,0,0
http://upload.wikimedia.org/wikipedia/commons/thumb/a/ae/Flag_of_the_United_Kingdom.svg/20px-Flag_of_the_United_Kingdom.svg.png,1,1,3,1,11,9,8,8,0
http://de.wikipedia.org/wiki/Spezial:Search?search=steuerfreibetrag&go=Artikel&sourceid=mozilla-20,5,5,11,0,0,0,0,0,0
http://upload.wikimedia.org/wikipedia/commons/thumb/c/c9/Portal.svg/28px-Portal.svg.png,1,1,3,1,12,10,9,9,0
http://upload.wikimedia.org/wikipedia/commons/thumb/0/0b/Church_in_Kilkenny.jpg/250px-Church_in_Kilkenny.jpg,1,1,3,1,13,11,10,10,0
http://es.wikipedia.org/favicon.ico,3,6,0,0,0,0,0,0,0
http://upload.wikimedia.org/wikipedia/commons/thumb/3/37/Flag_of_NATO.svg/76px-Flag_of_NATO.svg.png,1,1,3,1,14,12,11,11,0
http://upload.wikimedia.org/wikipedia/commons/thumb/9/94/Namib_desert_dunes.jpg/300px-Namib_desert_dunes.jpg,1,1,3,1,4,13,12,12,0
http://de.wikipedia.org/skins-1.5/common/ajax.js?99,5,4,7,10,0,0,0,0,0
http://upload.wikimedia.org/wikipedia/commons/thumb/8/8a/Plates_tect2_en.svg/180px-Plates_tect2_en.svg.png,1,1,3,1,15,14,13,13,0
http://ca.wikipedia.org/w/index.php?title=-&action=raw&gen=css&maxage=2678400,9,3,12,0,0,0,0,0,0
http://en.wikipedia.org/skins-1.5/common/shared.css?99,2,4,7,11,0,0,0,0,1
http://upload.wikimedia.org/wikipedia/en/thumb/c/cc/Graham_Coxon_What_Ya-Bloody_Annoying_cover.jpg/200px-Graham_Coxon_What_Ya-Bloody_Annoying_cover.jpg,1,1,1,1,12,15,14,14,0
http://upload.wikimedia.org/wikipedia/commons/thumb/4/41/Flag_of_Austria.svg/22px-Flag_of_Austria.svg.png,1,1,3,1,3,16,15,15,0
http://es.wikipedia.org/w/index.php?title=MediaWiki:Common.css&usemsgcache=yes&action=raw&ctype=text/css&smaxage=2678400,3,3,13,2,0,0,0,0,0
http://upload.wikimedia.org/wikipedia/es/thumb/3/30/75px-Diagrama_NET.jpg,1,1,14,1,14,17,16,0,0
http://en.wikipedia.org/skins-1.5/common/ajax.js?99,2,4,7,10,0,0,0,0,1
http://fr.wikipedia.org/skins-1.5/common/images/magnify-clip.png,10,4,7,4,8,0,0,0,0
http://upload.wikimedia.org/wikipedia/commons/thumb/5/55/William_Joyce.jpg/250px-William_Joyce.jpg,1,1,3,1,7,18,17,16,0
http://en.wikipedia.org/w/opensearch_desc.php,2,3,15,0,0,0,0,0,1
http://en.wikipedia.org/wiki/Special:Random,2,5,16,0,0,0,0,0,0
http://en.wikipedia.org/w/index.php?title=MediaWiki:Common.css&usemsgcache=yes&action=raw&ctype=text/css&smaxage=2678400,2,3,13,2,0,0,0,0,1
http://upload.wikimedia.org/wikipedia/commons/thumb/b/ba/Flag_of_Germany.svg/22px-Flag_of_Germany.svg.png,1,1,3,1,2,19,18,17,0
http://sv.wikipedia.org/skins-1.5/monobook/headbg.jpg,11,4,6,8,0,0,0,0,0
http://fi.wikipedia.org/skins-1.5/monobook/external.png,12,4,6,12,0,0,0,0,0
http://fr.wikipedia.org/skins-1.5/monobook/headbg.jpg,10,4,6,8,0,0,0,0,0
http://upload.wikimedia.org/wikipedia/commons/thumb/f/f7/Flag_of_Florida.svg/20px-Flag_of_Florida.svg.png,1,1,3,1,16,20,19,18,0
http://es.wikipedia.org/wiki/Rochester_(Minnesota),3,5,17,0,0,0,0,0,0
http://upload.wikimedia.org/wikipedia/commons/thumb/a/a9/Hurricane_structure_graphic.jpg/250px-Hurricane_structure_graphic.jpg,1,1,3,1,11,21,20,19,0
http://fi.wikipedia.org/skins-1.5/monobook/user.gif,12,4,6,13,0,0,0,0,0
http://fr.wikipedia.org/w/index.php?title=-&action=raw&gen=js&useskin=monobook,10,3,4,0,0,0,0,0,0
http://upload.wikimedia.org/wikipedia/commons/f/f0/China-Guangdong.png,1,1,3,14,17,22,0,0,0
http://upload.wikimedia.org/wikipedia/commons/thumb/0/0f/Mergefrom.svg/50px-Mergefrom.svg.png,1,1,3,1,13,23,21,20,0
http://upload.wikimedia.org/wikipedia/en/9/9d/Commons-logo-31px.png,1,1,1,15,18,24,0,0,0
http://en.wikipedia.org/skins-1.5/monobook/main.css?99,2,4,6,9,0,0,0,0,1
http://en.wikipedia.org/wiki/hoss_%28professional_wrestling%29,2,5,18,0,0,0,0,0,0
http://upload.wikimedia.org/wikipedia/en/1/1b/Hug_MSG_Incident.jpg,1,1,1,16,19,25,0,0,0
http://fr.wikipedia.org/skins-1.5/common/ajax.js?99,10,4,7,10,0,0,0,0,0
http://it.wikipedia.org/w/index.php?title=MediaWiki:Monobook.css&usemsgcache=yes&action=raw&ctype=text/css&smaxage=2678400,13,3,5,2,0,0,0,0,0
http://es.wikipedia.org/wiki/Fecundidad,3,5,19,0,0,0,0,0,0
http://upload.wikimedia.org/wikipedia/commons/thumb/0/01/Flag_of_Sudan.svg/20px-Flag_of_Sudan.svg.png,1,1,3,1,13,26,22,21,0
http://upload.wikimedia.org/wikipedia/en/thumb/6/6d/Cumberland_School_of_Law_Classroom.JPG/300px-Cumberland_School_of_Law_Classroom.JPG,1,1,1,1,6,27,23,22,0
http://upload.wikimedia.org/math/8/a/4/8a43df9c1fafad1a5a48a754a71adc0a.png,1,7,20,17,3,28,0,0,0
http://sv.wikipedia.org/w/opensearch_desc.php,11,3,15,0,0,0,0,0,0
http://de.wikipedia.org/skins-1.5/common/images/button_sig.png,5,4,7,4,10,0,0,0,0
http://upload.wikimedia.org/wikipedia/commons/thumb/e/ee/Old_man_on_tonle_sap.jpg/240px-Old_man_on_tonle_sap.jpg,1,1,3,1,1,29,24,23,0
http://upload.wikimedia.org/wikipedia/commons/thumb/8/83/Flag_of_Cambodia.svg/140px-Flag_of_Cambodia.svg.png,1,1,3,1,15,30,25,24,0
http://de.wikipedia.org/w/extensions/wikihiero/img/hiero_V31.png,5,3,21,18,20,31,0,0,0
http://de.wikipedia.org/skins-1.5/monobook/headbg.jpg,5,4,6,8,0,0,0,0,0
http://upload.wikimedia.org/wikipedia/commons/thumb/6/67/Flag_of_South_Africa_1928-1994.svg/50px-Flag_of_South_Africa_1928-1994.svg.png,1,1,3,1,6,32,26,25,0
http://meta.wikimedia.org/w/index.php?title=MediaWiki:Wikiminiatlas.js&action=raw&ctype=text/javascript&smaxage=21600&maxage=86400,14,3,22,19,0,0,0,0,1
http://pt.wikipedia.org/wiki/Especial:Search?search=amianto,7,5,23,0,0,0,0,0,0
http://de.wikipedia.org/skins-1.5/common/images/magnify-clip.png,5,4,7,4,8,0,0,0,0
http://de.wikipedia.org/skins-1.5/common/shared.css?99,5,4,7,11,0,0,0,0,0
http://en.wikipedia.org/w/index.php?title=Special:Upload&uselang=fromowner,2,3,24,0,0,0,0,0,0
http://upload.wikimedia.org/wikipedia/commons/thumb/d/da/LocationBelize.svg/250px-LocationBelize.svg.png,1,1,3,1,21,33,27,26,0
http://upload.wikimedia.org/wikipedia/en/1/18/Monobook-bullet.png,1,1,1,16,22,34,0,0,1
http://en.wikipedia.org/skins-1.5/common/images/poweredby_mediawiki_88x31.png,2,4,7,4,5,0,0,0,1
http://en.wikipedia.org/skins-1.5/monobook/user.gif,2,4,6,13,0,0,0,0,1
http://upload.wikimedia.org/math/9/7/3/97353428eb60cfeb61eaf57f66d00257.png,1,7,25,20,14,35,0,0,0
http://upload.wikimedia.org/wikipedia/commons/thumb/3/3d/Rod_of_asclepius.png/15px-Rod_of_asclepius.png,1,1,3,1,14,36,28,27,0
http://fr.wikipedia.org/skins-1.5/common/shared.css?99,10,4,7,11,0,0,0,0,0
http://upload.wikimedia.org/wikipedia/en/b/bf/Wikispecies-logo-35px.png,1,1,1,21,23,37,0,0,0
http://upload.wikimedia.org/wikipedia/commons/thumb/f/f3/Flag_of_Russia.svg/22px-Flag_of_Russia.svg.png,1,1,3,1,16,38,29,28,0
http://de.wikipedia.org/w/index.php?title=-&action=raw&gen=css&maxage=2678400,5,3,12,0,0,0,0,0,0
http://www.wikipedia.com/,15,8,0,0,0,0,0,0,0
http://upload.wikimedia.org/wikipedia/en/thumb/2/2b/EdEddEddyseason1DVD.jpg/80px-EdEddEddyseason1DVD.jpg,1,1,1,1,24,39,30,29,0
http://en.wikipedia.org/wiki/Uncle_Tupelo,2,5,26,0,0,0,0,0,0
http://pt.wikipedia.org/skins-1.5/common/ajax.js?99,7,4,7,10,0,0,0,0,0
http://upload.wikimedia.org/wikipedia/commons/thumb/2/29/1968_Olympic_games_countries.PNG/240px-1968_Olympic_games_countries.PNG,1,1,3,1,24,40,31,30,0
http://en.wikipedia.org/skins-1.5/monobook/bullet.gif,2,4,6,22,0,0,0,0,0
http://en.wikipedia.org/w/index.php?title=-&action=raw&gen=css&maxage=2678400,2,3,12,0,0,0,0,0,1
http://upload.wikimedia.org/wikipedia/commons/thumb/5/5b/Dover_%28banda%29.jpg/250px-Dover_%28banda%29.jpg,1,1,3,1,7,41,32,31,0
http://upload.wikimedia.org/wikipedia/commons/thumb/6/6a/PERU_MAPA_1865.JPG/250px-PERU_MAPA_1865.JPG,1,1,3,1,6,42,33,32,0
http://upload.wikimedia.org/wikipedia/commons/6/64/LocationCambodia.png,1,1,3,23,25,43,0,0,0
http://upload.wikimedia.org/wikipedia/de/b/bc/Wiki.png,1,1,27,21,26,44,0,0,1
http://hi.wikipedia.org/wiki/,16,5,28,0,0,0,0,0,0
http://pl.wikipedia.org/w/index.php?title=-&action=raw&gen=css&maxage=2678400,4,3,12,0,0,0,0,0,0
http://upload.wikimedia.org/wikipedia/commons/7/74/Wikipedia-logo-es.png,1,1,3,20,27,45,0,0,0
http://upload.wikimedia.org/wikipedia/commons/d/d8/90_mile_beach02.jpg,1,1,3,7,28,46,0,0,0
http://de.wikipedia.org/wiki/Tuberkulose,5,5,29,0,0,0,0,0,0
http://upload.wikimedia.org/wikipedia/commons/thumb/1/1d/P_literature.svg/25px-P_literature.svg.png,1,1,3,1,29,47,34,33,0
http://ja.wikipedia.org/skins-1.5/common/wikibits.js?99,17,4,7,24,0,0,0,0,0
http://upload.wikimedia.org/wikipedia/commons/thumb/5/56/Cathedral_of_Toledo-Spain.jpg/180px-Cathedral_of_Toledo-Spain.jpg,1,1,3,1,7,48,35,34,0
http://en.wiktionary.org/wiki/Wiktionary:Main_Page,6,5,30,0,0,0,0,0,0
http://upload.wikimedia.org/wikipedia/en/thumb/8/80/SaoPedroeSaoPaulo1.jpg/250px-SaoPedroeSaoPaulo1.jpg,1,1,1,1,15,49,36,35,0
http://upload.wikimedia.org/wikipedia/en/thumb/d/d5/Mb044c.gif/25px-Mb044c.gif,1,1,1,1,21,50,37,36,0
http://en.wikipedia.org/wiki/Special:Search?search=Family+Guy&go=Go,2,5,31,0,0,0,0,0,0
http://upload.wikimedia.org/wikipedia/commons/thumb/d/dd/Full_Moon_Luc_Viatour.jpg/105px-Full_Moon_Luc_Viatour.jpg,1,1,3,1,21,51,38,37,0
http://en.wikipedia.org/w/index.php?title=-&action=raw&gen=js&useskin=monobook,2,3,4,0,0,0,0,0,1
http://en.wikipedia.org/wiki/Germany,2,5,32,0,0,0,0,0,0
http://en.wikipedia.org/skins-1.5/common/metadata.js?99,2,4,7,25,0,0,0,0,0
http://upload.wikimedia.org/wikipedia/commons/thumb/e/e3/Macintosh_128k_transparency.png/250px-Macintosh_128k_transparency.png,1,1,3,1,1,52,39,38,0
http://upload.wikimedia.org/wikipedia/commons/thumb/7/72/Disambig.svg/25px-Disambig.svg.png,1,1,3,1,30,53,40,39,0
http://en.wikipedia.org/skins-1.5/common/wikibits.js?99,2,4,7,24,0,0,0,0,1
http://upload.wikimedia.org/wikipedia/commons/d/de/Wbs.png,1,1,3,7,31,54,0,0,0
http://en.wikipedia.org/wiki/Miles_%22Tails%22_Prower,2,5,33,0,0,0,0,0,0
http://en.wikipedia.org/wiki/Spirulina_(dietary_supplement),2,5,34,0,0,0,0,0,0
http://fr.wikipedia.org/skins-1.5/monobook/IE70Fixes.css?99,10,4,6,26,0,0,0,0,0
http://upload.wikimedia.org/wikipedia/commons/thumb/0/01/Eagleburger_in_color.jpg/75px-Eagleburger_in_color.jpg,1,1,3,1,13,26,41,40,0
http://upload.wikimedia.org/wikipedia/commons/thumb/2/23/Icons-mini-file_acrobat.gif/15px-Icons-mini-file_acrobat.gif,1,1,3,1,24,55,42,41,0
http://es.wikipedia.org/skins-1.5/common/images/button_bold.png,3,4,7,4,32,0,0,0,0
http://upload.wikimedia.org/wikipedia/en/thumb/8/82/Oxford_Series_IV_front.jpg/120px-Oxford_Series_IV_front.jpg,1,1,1,1,15,56,43,42,0
http://upload.wikimedia.org/wikipedia/commons/thumb/f/fa/Wikiquote-logo.svg/35px-Wikiquote-logo.svg.png,1,1,3,1,16,57,44,43,0
http://upload.wikimedia.org/wikipedia/commons/thumb/a/af/Flag_of_South_Africa.svg/50px-Flag_of_South_Africa.svg.png,1,1,3,1,11,58,45,44,0
http://pl.wikipedia.org/wiki/Pieni%C4%85dze_brytyjskie,4,5,35,0,0,0,0,0,0
http://fr.wikipedia.org/wiki/Jon_Voight,10,5,36,0,0,0,0,0,0
http://upload.wikimedia.org/wikipedia/commons/thumb/5/5f/Disambig_gray.svg/30px-Disambig_gray.svg.png,1,1,3,1,7,59,46,45,0
http://es.wikipedia.org/wiki/Wolfgang_Amadeus_Mozart,3,5,37,0,0,0,0,0,0
http://upload.wikimedia.org/wikipedia/it/b/bc/Wiki.png,1,1,38,21,26,44,0,0,0
http://upload.wikimedia.org/wikipedia/commons/thumb/a/ae/Deftones_live.jpg/220px-Deftones_live.jpg,1,1,3,1,11,9,47,46,0
http://upload.wikimedia.org/wikipedia/commons/thumb/7/7c/Wikibooks-logo-en.svg/50px-Wikibooks-logo-en.svg.png,1,1,3,1,30,60,48,47,0
http://en.wikipedia.org/skins-1.5/common/commonPrint.css?99,2,4,7,5,0,0,0,0,1
http://pt.wikipedia.org/skins-1.5/common/IEFixes.js?99,7,4,7,27,0,0,0,0,0
http://upload.wikimedia.org/wikipedia/commons/thumb/c/c6/Cherokeenationalflag.png/200px-Cherokeenationalflag.png,1,1,3,1,12,61,49,48,0
http://en.wikibooks.org/images/wikimedia-button.png,18,2,39,0,0,0,0,0,0
http://es.wikipedia.org/skins-1.5/monobook/bullet.gif,3,4,6,22,0,0,0,0,0
http://it.wikipedia.org/skins-1.5/common/IEFixes.js?99,13,4,7,27,0,0,0,0,0
http://upload.wikimedia.org/wikipedia/commons/thumb/7/74/SC06_1964_Ferrari_250_GT_Lusso_Berlinetta.jpg/250px-SC06_1964_Ferrari_250_GT_Lusso_Berlinetta.jpg,1,1,3,1,30,62,50,49,0
http://upload.wikimedia.org/wikipedia/commons/thumb/2/2f/Deutschland_Lage_von_Bayern.svg/250px-Deutschland_Lage_von_Bayern.svg.png,1,1,3,1,24,63,51,50,0
http://en.wikipedia.org/wiki/Inktomi,2,5,40,0,0,0,0,0,0
http://upload.wikimedia.org/math/a/8/6/a86138e24c266f0bc1da625e750511e1.png,1,7,41,28,6,64,0,0,0
http://de.wikipedia.org/skins-1.5/common/images/button_italic.png,5,4,7,4,33,0,0,0,0
http://upload.wikimedia.org/wikipedia/commons/thumb/e/e0/Flag_of_Louisiana.svg/25px-Flag_of_Louisiana.svg.png,1,1,3,1,1,65,52,51,0
http://en.wikipedia.org/wiki/Bratz,2,5,42,0,0,0,0,0,0
http://en.wikipedia.org/skins-1.5/monobook/external.png,2,4,6,12,0,0,0,0,1
http://upload.wikimedia.org/wikipedia/commons/thumb/9/94/Map_california_central_valley.jpg/250px-Map_california_central_valley.jpg,1,1,3,1,4,13,53,52,0
http://upload.wikimedia.org/wikipedia/commons/thumb/4/4a/Commons-logo.svg/35px-Commons-logo.svg.png,1,1,3,1,3,3,3,53,0
http://upload.wikimedia.org/wikipedia/commons/thumb/f/fa/Wikibooks-logo.svg/35px-Wikibooks-logo.svg.png,1,1,3,1,16,57,54,54,0
http://upload.wikimedia.org/wikipedia/commons/thumb/d/da/Flag_of_Luxembourg.svg/25px-Flag_of_Luxembourg.svg.png,1,1,3,1,21,33,55,55,0
http://upload.wikimedia.org/wikipedia/pt/b/bc/Wiki.png,1,1,43,21,26,44,0,0,0
http://upload.wikimedia.org/wikipedia/fr/b/bc/Wiki.png,1,1,44,21,26,44,0,0,0
http://es.wikipedia.org/wiki/Imagen:Series_of_an_ejaculating_penis.JPG,3,5,45,0,0,0,0,0,0
http://pl.wikipedia.org/skins-1.5/monobook/headbg.jpg,4,4,6,8,0,0,0,0,0
http://es.wikipedia.org/images/wikimedia-button.png,3,2,39,0,0,0,0,0,0
http://upload.wikimedia.org/wikipedia/en/thumb/6/61/PeiperSS.jpg/200px-PeiperSS.jpg,1,1,1,1,6,66,56,56,0
http://upload.wikimedia.org/wikipedia/en/thumb/5/51/Vlcsnap-5522132.png/230px-Vlcsnap-5522132.png,1,1,1,1,7,67,57,57,0
http://upload.wikimedia.org/math/5/7/a/57a7da04466506abe49d195776112785.png,1,7,46,20,11,68,0,0,0
http://upload.wikimedia.org/wikipedia/commons/thumb/2/24/Wikinews-logo.svg/35px-Wikinews-logo.svg.png,1,1,3,1,24,69,58,58,0
http://upload.wikimedia.org/wikipedia/commons/thumb/8/89/Flag_of_Yemen.svg/22px-Flag_of_Yemen.svg.png,1,1,3,1,15,70,59,59,0
http://www.wikipedia.org/,19,8,0,0,0,0,0,0,0
http://upload.wikimedia.org/wikipedia/en/thumb/4/4a/Commons-logo.svg/18px-Commons-logo.svg.png,1,1,1,1,3,3,3,60,0
http://upload.wikimedia.org/wikipedia/commons/thumb/3/37/Spain_traffic_signal_p8.svg/72px-Spain_traffic_signal_p8.svg.png,1,1,3,1,14,12,60,61,0
http://en.wikipedia.org/skins-1.5/common/IEFixes.js?99,2,4,7,27,0,0,0,0,0
http://upload.wikimedia.org/wikipedia/commons/thumb/8/86/%E6%9B%B8.svg/50px-%E6%9B%B8.svg.png,1,1,3,1,15,71,61,62,0
http://upload.wikimedia.org/wikipedia/commons/thumb/f/f6/Flag_of_Iraq.svg/22px-Flag_of_Iraq.svg.png,1,1,3,1,16,72,62,63,0
http://en.wikipedia.org/images/wikimedia-button.png,2,2,39,0,0,0,0,0,1
http://upload.wikimedia.org/wikipedia/commons/thumb/5/54/Apache_Wickiup%2C_Edward_Curtis%2C_1903.jpg/300px-Apache_Wickiup%2C_Edward_Curtis%2C_1903.jpg,1,1,3,1,7,73,63,64,0
http://upload.wikimedia.org/wikipedia/commons/thumb/4/4a/LGBridge.jpg/300px-LGBridge.jpg,1,1,3,1,3,3,64,65,0
http://es.wikipedia.org/skins-1.5/common/commonPrint.css?99,3,4,7,5,0,0,0,0,0
http://upload.wikimedia.org/wikipedia/commons/thumb/a/aa/Flammulina_velutipes.JPG/200px-Flammulina_velutipes.JPG,1,1,3,1,11,74,65,66,0
http://es.wikipedia.org/skins-1.5/monobook/IE60Fixes.css?99,3,4,6,3,0,0,0,0,0
http://upload.wikimedia.org/wikipedia/commons/thumb/4/4c/Wikisource-logo.svg/26px-Wikisource-logo.svg.png,1,1,3,1,3,75,66,67,0
http://upload.wikimedia.org/wikipedia/commons/thumb/c/c1/Mandragora_Tacuinum_Sanitatis.jpg/125px-Mandragora_Tacuinum_Sanitatis.jpg,1,1,3,1,12,76,67,68,0
http://upload.wikimedia.org/wikipedia/commons/thumb/7/72/Disambig.svg/20px-Disambig.svg.png,1,1,3,1,30,53,40,69,0
http://pl.wikipedia.org/w/index.php?title=MediaWiki:Common.css&usemsgcache=yes&action=raw&ctype=text/css&smaxage=2678400,4,3,13,2,0,0,0,0,0
http://upload.wikimedia.org/wikipedia/commons/thumb/9/96/ARS_cucumber.jpg/250px-ARS_cucumber.jpg,1,1,3,1,4,77,68,70,0
http://upload.wikimedia.org/wikipedia/commons/thumb/f/fa/Wikibooks-logo.svg/25px-Wikibooks-logo.svg.png,1,1,3,1,16,57,54,71,0
http://upload.wikimedia.org/wikipedia/commons/thumb/3/36/Coat_of_arms_of_Saudi_Arabia.png/125px-Coat_of_arms_of_Saudi_Arabia.png,1,1,3,1,14,78,69,72,0
http://upload.wikimedia.org/wikipedia/commons/thumb/d/d9/600px_Colo_Colo.png/20px-600px_Colo_Colo.png,1,1,3,1,21,79,70,73,0
http://upload.wikimedia.org/wikipedia/commons/thumb/5/52/A380-trent900.JPG/180px-A380-trent900.JPG,1,1,3,1,7,80,71,74,0
http://upload.wikimedia.org/wikipedia/en/thumb/f/fe/Unbalanced_scales.svg/40px-Unbalanced_scales.svg.png,1,1,1,1,16,81,72,75,0
http://pl.wikipedia.org/skins-1.5/monobook/user.gif,4,4,6,13,0,0,0,0,0
http://en.wikipedia.org/wiki/Jewish_holiday,2,5,47,0,0,0,0,0,0
http://upload.wikimedia.org/wikipedia/commons/thumb/a/ab/Flag_of_Panama.svg/22px-Flag_of_Panama.svg.png,1,1,3,1,11,82,73,76,0
http://es.wikipedia.org/skins-1.5/monobook/user.gif,3,4,6,13,0,0,0,0,0
http://pt.wikipedia.org/skins-1.5/monobook/main.css?99,7,4,6,9,0,0,0,0,0
http://upload.wikimedia.org/wikipedia/commons/thumb/8/8b/Europe_location_CHE.png/330px-Europe_location_CHE.png,1,1,3,1,15,83,74,77,0
http://upload.wikimedia.org/wikipedia/en/thumb/4/46/Plano_stone_church13.jpg/100px-Plano_stone_church13.jpg,1,1,1,1,3,84,75,78,0
http://en.wikipedia.org/skins-1.5/common/commonPrint.css?97,2,4,7,29,0,0,0,0,0
http://upload.wikimedia.org/wikipedia/commons/thumb/f/ff/Romania_flag_1947-1989.png/20px-Romania_flag_1947-1989.png,1,1,3,1,16,85,76,79,0
http://upload.wikimedia.org/wikipedia/commons/thumb/0/06/Flyfishing.jpg/350px-Flyfishing.jpg,1,1,3,1,13,86,77,80,0
http://upload.wikimedia.org/wikipedia/commons/5/5d/Checker-16x16.png,1,1,3,30,34,87,0,0,0
http://upload.wikimedia.org/wikipedia/commons/thumb/4/43/Qsicon_lesenswert.svg/15px-Qsicon_lesenswert.svg.png,1,1,3,1,3,88,78,81,0
http://en.wikipedia.org/wiki/The_Pianist_(2002_film),2,5,48,0,0,0,0,0,0
http://de.wikipedia.org/w/index.php?title=MediaWiki:SpezialSuche.js&action=raw&ctype=text/javascript&dontcountme=s&smaxage=3600,5,3,49,31,0,0,0,0,0
http://meta.wikimedia.org/w/index.php?title=MediaWiki:Wikiminiatlas.js&action=raw&ctype=text/javascript&dontcountme=s,14,3,22,32,0,0,0,0,0
http://upload.wikimedia.org/wikipedia/commons/thumb/c/ca/Nuvola_apps_kcoloredit.png/30px-Nuvola_apps_kcoloredit.png,1,1,3,1,12,89,79,82,0
http://upload.wikimedia.org/wikipedia/commons/thumb/3/38/Flag_of_Tanzania.svg/42px-Flag_of_Tanzania.svg.png,1,1,3,1,14,90,80,83,0
http://meta.wikimedia.org/style/monobook/main.css,14,9,6,33,0,0,0,0,0
http://pl.wikipedia.org/wiki/PZL_W-3_Sok%C3%B3%C5%82,4,5,50,0,0,0,0,0,0
http://upload.wikimedia.org/wikipedia/commons/thumb/8/8a/Wikinews-logo.png/35px-Wikinews-logo.png,1,1,3,1,15,14,81,84,0
http://upload.wikimedia.org/wikipedia/commons/thumb/0/05/Flag_of_Brazil.svg/22px-Flag_of_Brazil.svg.png,1,1,3,1,13,91,82,85,0
http://upload.wikimedia.org/wikipedia/commons/thumb/f/f3/Gnome-globe.svg/23px-Gnome-globe.svg.png,1,1,3,1,16,38,83,86,0
http://upload.wikimedia.org/wikipedia/en/thumb/7/7f/Scout_woodbadge_beads.jpg/100px-Scout_woodbadge_beads.jpg,1,1,1,1,30,92,84,87,0
http://upload.wikimedia.org/wikipedia/en/thumb/e/ea/Science-symbol-2.png/30px-Science-symbol-2.png,1,1,1,1,1,93,85,88,0
http://upload.wikimedia.org/wikipedia/commons/thumb/a/af/Amyloidosis%2C_lymph_node%2C_polarizer.jpg/180px-Amyloidosis%2C_lymph_node%2C_polarizer.jpg,1,1,3,1,11,58,86,89,0
http://upload.wikimedia.org/wikipedia/en/d/d4/Monobook-bullet-star.png,1,1,1,7,9,94,0,0,0
http://es.wikipedia.org/skins-1.5/monobook/headbg.jpg,3,4,6,8,0,0,0,0,0
http://de.wikipedia.org/wiki/Spezial:Suche?search=vom+guten+menschen,5,5,51,0,0,0,0,0,0
http://pl.wikipedia.org/w/index.php?title=MediaWiki:Youvegotmail.js&action=raw&ctype=text/javascript&dontcountme=s,4,3,52,32,0,0,0,0,0
http://upload.wikimedia.org/math/f/f/4/ff45a8f0f370cdc4092c3ca820de8240.png,1,7,53,14,3,95,0,0,0
http://upload.wikimedia.org/wikipedia/commons/thumb/7/74/Olympic_Stadium_of_Athens.jpg/230px-Olympic_Stadium_of_Athens.jpg,1,1,3,1,30,62,87,90,0
http://upload.wikimedia.org/wikipedia/commons/thumb/b/b7/Maerz1848_berlin.jpg/180px-Maerz1848_berlin.jpg,1,1,3,1,2,96,88,91,0
http://en.wikipedia.org/style/IEFixes.js,2,9,54,0,0,0,0,0,0
http://upload.wikimedia.org/wikipedia/commons/thumb/1/1c/Japanese_Wikipedia.png/200px-Japanese_Wikipedia.png,1,1,3,1,29,97,89,92,0
http://upload.wikimedia.org/wikipedia/commons/thumb/d/df/Uspensiki_by_SamSegar.jpg/180px-Uspensiki_by_SamSegar.jpg,1,1,3,1,21,98,90,93,0
http://upload.wikimedia.org/wikipedia/en/thumb/d/d9/Rocketman_3.JPG/250px-Rocketman_3.JPG,1,1,1,1,21,79,91,94,0
http://upload.wikimedia.org/wikipedia/en/thumb/f/f0/Glenmore_Trail_at_Crowchild_Trail_Calgary.jpg/120px-Glenmore_Trail_at_Crowchild_Trail_Calgary.jpg,1,1,1,1,16,99,92,95,0
http://upload.wikimedia.org/wikipedia/commons/e/e0/Globe_template.gif,1,1,3,34,35,100,0,0,0
http://en.wikipedia.org/w/extensions/LuceneSearch/lucenesearch.css,2,3,21,35,36,0,0,0,0
http://es.wikipedia.org/w/index.php?title=MediaWiki:Monobook.css&usemsgcache=yes&action=raw&ctype=text/css&smaxage=2678400,3,3,5,2,0,0,0,0,1
http://pl.wikipedia.org/skins-1.5/monobook/main.css?97,4,4,6,36,0,0,0,0,0
http://de.wikipedia.org/wiki/FIPS_%28Partitionierungssoftware%29,5,5,55,0,0,0,0,0,0
http://en.wikipedia.org/wiki/Hugh_O%27Donnell%2C_2nd_Earl_of_Tyrconnell,2,5,56,0,0,0,0,0,0
http://upload.wikimedia.org/wikipedia/en/2/2e/Twicethespeedoflife.jpg,1,1,1,37,37,101,0,0,0
http://pl.wikipedia.org/wiki/Ben_Kowalewicz,4,5,57,0,0,0,0,0,0
http://en.wikipedia.org/wiki/Spotting_%28weight_training%29,2,5,58,0,0,0,0,0,0
http://es.wikipedia.org/w/index.php?title=MediaWiki:Edittools.js&action=raw&smaxage=3600&ctype=text/javascript&dontcountme=s,3,3,59,32,0,0,0,0,1
http://upload.wikimedia.org/wikipedia/commons/thumb/8/88/Go_Regeln_5.png/140px-Go_Regeln_5.png,1,1,3,1,15,102,93,96,0
http://upload.wikimedia.org/wikipedia/commons/thumb/e/e2/Jupiter.jpg/200px-Jupiter.jpg,1,1,3,1,1,103,94,97,0
http://upload.wikimedia.org/wikipedia/commons/thumb/c/cc/Koeln_roemerturm_031204.jpg/180px-Koeln_roemerturm_031204.jpg,1,1,3,1,12,15,95,98,0
http://upload.wikimedia.org/wikipedia/commons/thumb/9/9f/Flag_of_Indonesia.svg/22px-Flag_of_Indonesia.svg.png,1,1,3,1,4,104,96,99,0
http://fr.wikipedia.org/w/index.php?title=MediaWiki:Monobook.css&usemsgcache=yes&action=raw&ctype=text/css&smaxage=2678400,10,3,5,2,0,0,0,0,0
http://en.wikipedia.org/w/index.php?title=Culture_of_ancient_Rome&action=edit&section=2,2,3,60,0,0,0,0,0,0
http://upload.wikimedia.org/wikipedia/commons/thumb/1/1a/Flag_of_Argentina.svg/20px-Flag_of_Argentina.svg.png,1,1,3,1,29,105,97,100,0
http://upload.wikimedia.org/wikipedia/en/d/d3/Wikimedia-logo-35px.png,1,1,1,7,38,106,0,0,0
http://upload.wikimedia.org/wikipedia/commons/thumb/5/5b/Atome_de_Rutherford.png/170px-Atome_de_Rutherford.png,1,1,3,1,7,41,98,101,0
http://upload.wikimedia.org/wikipedia/commons/thumb/9/92/Flag_of_Belgium_%28civil%29.svg/22px-Flag_of_Belgium_%28civil%29.svg.png,1,1,3,1,4,107,99,102,0
http://upload.wikimedia.org/wikipedia/commons/thumb/f/fa/Wikibooks-logo.svg/27px-Wikibooks-logo.svg.png,1,1,3,1,16,57,54,103,0
http://upload.wikimedia.org/wikipedia/commons/thumb/f/fa/Flag_of_Guernsey.svg/22px-Flag_of_Guernsey.svg.png,1,1,3,1,16,57,100,104,0
http://fr.wikipedia.org/skins-1.5/monobook/bullet.gif,10,4,6,22,0,0,0,0,0
http://upload.wikimedia.org/wikipedia/commons/thumb/6/6c/ChristAsSol.jpg/175px-ChristAsSol.jpg,1,1,3,1,6,108,101,105,0
http://upload.wikimedia.org/wikipedia/commons/thumb/9/96/Puzzle_stub.png/22px-Puzzle_stub.png,1,1,3,1,4,77,102,106,0
http://upload.wikimedia.org/wikipedia/commons/thumb/e/ec/Flag_of_Guatemala.svg/22px-Flag_of_Guatemala.svg.png,1,1,3,1,1,109,103,107,0
http://es.wikipedia.org/wiki/Talud-tablero,3,5,61,0,0,0,0,0,0
http://upload.wikimedia.org/wikipedia/commons/thumb/e/ed/Boronda_Crossings.jpg/120px-Boronda_Crossings.jpg,1,1,3,1,1,110,104,108,0
http://upload.wikimedia.org/wikipedia/commons/thumb/1/1f/Victim_of_Atomic_Bomb_002.jpg/180px-Victim_of_Atomic_Bomb_002.jpg,1,1,3,1,29,111,105,109,0
http://en.wikipedia.org/wiki/Charles_Darwin,2,5,62,0,0,0,0,0,0
http://upload.wikimedia.org/wikipedia/commons/thumb/d/d1/Modelo_de_Bohr.png/200px-Modelo_de_Bohr.png,1,1,3,1,21,112,106,110,0
http://upload.wikimedia.org/wikipedia/commons/thumb/5/53/HillaryScott5.jpg/200px-HillaryScott5.jpg,1,1,3,1,7,6,107,111,0
http://fr.wikipedia.org/w/index.php?title=MediaWiki:Common.css&usemsgcache=yes&action=raw&ctype=text/css&smaxage=2678400,10,3,13,2,0,0,0,0,0
http://en.wikipedia.org/style/monobook/null?,2,9,6,38,0,0,0,0,0
http://es.wikipedia.org/wiki/Nivel_de_red,3,5,63,0,0,0,0,0,0
http://upload.wikimedia.org/wikipedia/commons/thumb/a/ab/Marlon_Brando_1963.jpg/300px-Marlon_Brando_1963.jpg,1,1,3,1,11,82,108,112,0
http://upload.wikimedia.org/wikipedia/commons/thumb/4/47/Sveriges_riksdag_fr_vasabron.JPG/200px-Sveriges_riksdag_fr_vasabron.JPG,1,1,3,1,3,113,109,113,0
http://war.wikipedia.org/skins-1.5/monobook/bullet.gif,20,4,6,22,0,0,0,0,0
http://upload.wikimedia.org/wikipedia/commons/thumb/3/34/Wikiversity-logo-Snorky.svg/27px-Wikiversity-logo-Snorky.svg.png,1,1,3,1,14,114,110,114,0
http://upload.wikimedia.org/wikipedia/en/thumb/f/fd/5pin180dinplug.jpg/250px-5pin180dinplug.jpg,1,1,1,1,16,115,111,115,0
http://de.wikipedia.org/w/index.php?title=Steve_Fossett&diff=prev&oldid=36847673,5,3,64,0,0,0,0,0,0
http://upload.wikimedia.org/wikipedia/commons/1/1b/Wikibar2.png,1,1,3,16,19,116,0,0,0
http://es.wikipedia.org/wiki/Ion,3,5,65,0,0,0,0,0,0
http://fr.wiktionary.org/skins-1.5/monobook/bullet.gif,21,4,6,22,0,0,0,0,0
http://es.wikipedia.org/w/extensions/LuceneSearch/lucenesearch.css,3,3,21,35,36,0,0,0,0
http://ja.wikipedia.org/skins-1.5/common/shared.css?99,17,4,7,11,0,0,0,0,0
http://en.wikipedia.org/wiki/Image:Black_Box_-_Ride_On_Time_excerpt.ogg,2,5,66,0,0,0,0,0,0
http://upload.wikimedia.org/wikipedia/commons/3/38/Wiktionary-ico-de.png,1,1,3,39,39,117,0,0,0
http://it.wikipedia.org/skins-1.5/monobook/headbg.jpg,13,4,6,8,0,0,0,0,0
http://en.wikipedia.org/wiki/Gwen,2,5,67,0,0,0,0,0,0
http://de.wikipedia.org/wiki/Bild:Bev%C3%B6lkerungsdichte_Japans.png,5,5,68,0,0,0,0,0,0
http://en.wikipedia.org/wiki/Monadnock,2,5,69,0,0,0,0,0,0
http://upload.wikimedia.org/wikipedia/it/thumb/0/05/Veneto-Stemma.png/20px-Veneto-Stemma.png,1,1,38,1,13,91,112,116,0
http://upload.wikimedia.org/wikipedia/commons/thumb/1/15/Declaration_independence.jpg/180px-Declaration_independence.jpg,1,1,3,1,29,118,113,117,0
http://upload.wikimedia.org/wikipedia/commons/thumb/c/cf/WhiteArmyPropagandaPosterOfTrotsky.jpg/200px-WhiteArmyPropagandaPosterOfTrotsky.jpg,1,1,3,1,12,119,114,118,0
http://upload.wikimedia.org/wikipedia/commons/thumb/3/3e/Flag_of_New_Zealand.svg/50px-Flag_of_New_Zealand.svg.png,1,1,3,1,14,120,115,119,0
http://upload.wikimedia.org/wikipedia/commons/thumb/1/17/Buen_art%C3%ADculo.svg/10px-Buen_art%C3%ADculo.svg.png,1,1,3,1,29,121,116,120,0
http://upload.wikimedia.org/wikipedia/commons/thumb/a/ae/Flag_of_the_United_Kingdom.svg/22px-Flag_of_the_United_Kingdom.svg.png,1,1,3,1,11,9,8,121,0
http://upload.wikimedia.org/wikipedia/commons/thumb/f/f3/Flag_of_Turkmen_SSR.svg/22px-Flag_of_Turkmen_SSR.svg.png,1,1,3,1,16,38,117,122,0
http://upload.wikimedia.org/wikipedia/commons/thumb/1/13/Flag_of_the_Soviet_Union_1923.svg/22px-Flag_of_the_Soviet_Union_1923.svg.png,1,1,3,1,29,122,118,123,0
http://upload.wikimedia.org/wikipedia/commons/thumb/7/7f/Santander.Gran.Casino.jpg/120px-Santander.Gran.Casino.jpg,1,1,3,1,30,92,119,124,0
http://upload.wikimedia.org/wikipedia/commons/thumb/8/82/Flag_of_Honduras.svg/22px-Flag_of_Honduras.svg.png,1,1,3,1,15,56,120,125,0
http://upload.wikimedia.org/wikipedia/commons/thumb/4/4f/Austria-coin-1993-20S-Niederoesterreich.jpg/55px-Austria-coin-1993-20S-Niederoesterreich.jpg,1,1,3,1,3,123,121,126,0
http://upload.wikimedia.org/wikipedia/commons/thumb/4/42/HNL_Wiki_Wiki_Bus.jpg/180px-HNL_Wiki_Wiki_Bus.jpg,1,1,3,1,3,124,122,127,0
http://upload.wikimedia.org/wikipedia/commons/thumb/d/d0/Creation_of_the_Sun_and_Moon_face_detail.jpg/200px-Creation_of_the_Sun_and_Moon_face_detail.jpg,1,1,3,1,21,125,123,128,0
http://upload.wikimedia.org/wikipedia/commons/thumb/3/37/Warren_Christopher.jpg/75px-Warren_Christopher.jpg,1,1,3,1,14,12,124,129,0
http://upload.wikimedia.org/wikipedia/meta/2/2a/Nohat-logo-nowords-bgwhite-200px.jpg,1,1,70,37,40,126,0,0,0
http://en.wikipedia.org/wiki/Sora_%28.hack%29,2,5,71,0,0,0,0,0,0
http://upload.wikimedia.org/wikipedia/commons/thumb/4/4c/Wikisource-logo.svg/35px-Wikisource-logo.svg.png,1,1,3,1,3,75,66,130,0
http://sk.wikipedia.org/skins-1.5/common/shared.css?99,22,4,7,11,0,0,0,0,0
http://upload.wikimedia.org/math/3/0/c/30c28f76ef7517dbd19df4d4c683dbe6.png,1,7,72,40,12,127,0,0,0
http://no.wikipedia.org/skins-1.5/common/wikibits.js?99,23,4,7,24,0,0,0,0,0
http://upload.wikimedia.org/wikipedia/commons/thumb/c/cb/Flag_of_the_United_Arab_Emirates.svg/22px-Flag_of_the_United_Arab_Emirates.svg.png,1,1,3,1,12,128,125,131,0
http://upload.wikimedia.org/wikipedia/en/thumb/c/ca/Pink_peeps.jpg/270px-Pink_peeps.jpg,1,1,1,1,12,89,126,132,0
http://it.wikiquote.org/skins-1.5/common/images/button_image.png,24,4,7,4,41,0,0,0,0
http://upload.wikimedia.org/wikipedia/commons/thumb/c/cb/Nuvola_apps_clock.png/23px-Nuvola_apps_clock.png,1,1,3,1,12,128,127,133,0
http://upload.wikimedia.org/wikipedia/en/7/7f/Wikibooks-logo-35px.png,1,1,1,20,42,129,0,0,0
http://upload.wikimedia.org/wikipedia/commons/thumb/d/df/Wikispecies-logo.svg/35px-Wikispecies-logo.svg.png,1,1,3,1,21,98,128,134,0
http://upload.wikimedia.org/wikipedia/commons/thumb/f/fb/Gyrus_Dentatus_40x.jpg/250px-Gyrus_Dentatus_40x.jpg,1,1,3,1,16,130,129,135,0
http://upload.wikimedia.org/wikipedia/en/thumb/e/ec/Deutschlandlied-Geographie.png/250px-Deutschlandlied-Geographie.png,1,1,1,1,1,109,130,136,0
http://de.wikipedia.org/skins-1.5/monobook/user.gif,5,4,6,13,0,0,0,0,0
http://upload.wikimedia.org/wikipedia/commons/thumb/6/65/Gran_V%C3%ADa_%28Madrid%29_01.jpg/145px-Gran_V%C3%ADa_%28Madrid%29_01.jpg,1,1,3,1,6,131,131,137,0
http://upload.wikimedia.org/wikipedia/en/thumb/4/4f/Shrine_Mosque.JPG/200px-Shrine_Mosque.JPG,1,1,1,1,3,123,132,138,0
http://bn.wikipedia.org/skins-1.5/common/images/magnify-clip.png,25,4,7,4,8,0,0,0,0
http://upload.wikimedia.org/wikipedia/en/thumb/1/1f/Mb098c.gif/25px-Mb098c.gif,1,1,1,1,29,111,133,139,0
http://et.wikipedia.org/wiki/K%C3%A4rbes,26,5,73,0,0,0,0,0,0
http://he.wikipedia.org/skins-1.5/common/shared.css?97,27,4,7,41,0,0,0,0,0
http://en.wikipedia.org/wiki/Rose_Is_Rose,2,5,74,0,0,0,0,0,0
http://upload.wikimedia.org/wikipedia/commons/thumb/e/e9/Libya_5499_Gurgi_Moschee_Tripoli_Luca_Galuzzi_2007.jpg/180px-Libya_5499_Gurgi_Moschee_Tripoli_Luca_Galuzzi_2007.jpg,1,1,3,1,1,132,134,140,0
http://upload.wikimedia.org/wikipedia/commons/thumb/5/5d/Borromini_SantIvo.jpg/180px-Borromini_SantIvo.jpg,1,1,3,1,7,133,135,141,0
http://en.wikipedia.org/skins-1.5/common/shared.css?97,2,4,7,41,0,0,0,0,0
http://es.wikipedia.org/skins-1.5/common/shared.css?99,3,4,7,11,0,0,0,0,0
http://upload.wikimedia.org/wikipedia/commons/thumb/f/fa/Padlock-silver-medium.svg/20px-Padlock-silver-medium.svg.png,1,1,3,1,16,57,136,142,0
http://upload.wikimedia.org/wikipedia/commons/thumb/9/9a/Flag_of_Spain.svg/22px-Flag_of_Spain.svg.png,1,1,3,1,4,4,4,143,0
http://upload.wikimedia.org/wikipedia/en/thumb/1/1c/FireFace1.jpg/180px-FireFace1.jpg,1,1,1,1,29,97,137,144,0
http://de.wikipedia.org/wiki/Bild:1000DM-Vorderseite.jpg,5,5,75,0,0,0,0,0,0
http://upload.wikimedia.org/wikipedia/commons/thumb/b/b7/Flag_of_Europe.svg/22px-Flag_of_Europe.svg.png,1,1,3,1,2,96,138,145,0
http://upload.wikimedia.org/wikipedia/commons/thumb/9/9a/Erioll_world.svg/18px-Erioll_world.svg.png,1,1,3,1,4,4,139,146,0
http://upload.wikimedia.org/wikipedia/commons/thumb/4/4a/Konfuzius.jpg/180px-Konfuzius.jpg,1,1,3,1,3,3,140,147,0
http://de.wikipedia.org/wiki/Spitz_%28Hunderasse%29,5,5,76,0,0,0,0,0,0
http://upload.wikimedia.org/wikipedia/commons/thumb/8/8f/Ferc-fish_ladder.svg/100px-Ferc-fish_ladder.svg.png,1,1,3,1,15,134,141,148,0
http://upload.wikimedia.org/wikipedia/commons/thumb/f/fd/Trotzki_and_Lenin_in_Petrograd.jpg/290px-Trotzki_and_Lenin_in_Petrograd.jpg,1,1,3,1,16,115,142,149,0
http://upload.wikimedia.org/wikipedia/commons/thumb/4/40/LocationEthiopia.svg/250px-LocationEthiopia.svg.png,1,1,3,1,3,135,143,150,0
http://upload.wikimedia.org/wikipedia/commons/thumb/c/c3/Albrightmadeleine.jpg/75px-Albrightmadeleine.jpg,1,1,3,1,12,136,144,151,0
http://en.wikipedia.org/wiki/List_of_Good_Eats_episodes,2,5,77,0,0,0,0,0,0
http://es.wikipedia.org/skins-1.5/common/images/poweredby_mediawiki_88x31.png,3,4,7,4,5,0,0,0,0
http://upload.wikimedia.org/wikipedia/commons/thumb/a/ac/Suricata.jpg/240px-Suricata.jpg,1,1,3,1,11,137,145,152,0
http://upload.wikimedia.org/wikipedia/en/thumb/7/71/Grand_Circus_Park.jpg/200px-Grand_Circus_Park.jpg,1,1,1,1,30,138,146,153,0
http://upload.wikimedia.org/wikipedia/en/6/66/FamilyGuyS05E16.jpg,1,1,1,23,43,139,0,0,0
http://en.wikipedia.org/wiki/Judgment_at_Nuremberg,2,5,78,0,0,0,0,0,0
http://en.wikipedia.org/wiki/Public_relations,2,5,79,0,0,0,0,0,0
http://upload.wikimedia.org/wikipedia/commons/a/ae/Mergefrom.gif,1,1,3,17,44,140,0,0,0
http://de.wikipedia.org/wiki/Spezial:Search/Valmy,5,5,80,42,0,0,0,0,0
http://upload.wikimedia.org/wikipedia/commons/thumb/4/45/Kauri_at_Waipoua_Forest.jpg/46px-Kauri_at_Waipoua_Forest.jpg,1,1,3,1,3,141,147,154,0
http://upload.wikimedia.org/wikipedia/commons/thumb/6/6c/Wiki_letter_w.svg/17px-Wiki_letter_w.svg.png,1,1,3,1,6,108,148,155,0
http://en.wikipedia.org/w/index.php?title=-&action=raw&smaxage=0&gen=js&useskin=monobook,2,3,81,0,0,0,0,0,0
http://upload.wikimedia.org/wikipedia/commons/thumb/1/17/Wikimedal.png/7px-Wikimedal.png,1,1,3,1,29,121,149,156,0
http://en.wikipedia.org/wiki/Cryptid,2,5,82,0,0,0,0,0,0
http://es.wikipedia.org/skins-1.5/monobook/main.css?99,3,4,6,9,0,0,0,0,0
http://upload.wikimedia.org/wikipedia/en/4/4e/TotalGuitar_logo.gif,1,1,1,43,45,142,0,0,0
http://es.wikipedia.org/skins-1.5/common/images/button_extlink.png,3,4,7,4,46,0,0,0,0
http://upload.wikimedia.org/wikipedia/commons/thumb/2/2d/Killerdrug.jpg/200px-Killerdrug.jpg,1,1,3,1,24,143,150,157,0
http://upload.wikimedia.org/wikipedia/commons/thumb/2/26/WolfRunningInSnow.jpg/180px-WolfRunningInSnow.jpg,1,1,3,1,24,144,151,158,0
http://en.wikipedia.org/wiki/Mustrum_Ridcully,2,5,83,0,0,0,0,0,0
http://upload.wikimedia.org/math/9/d/8/9d82239d57d58c6dc58ae0679d6330fc.png,1,7,25,7,15,145,0,0,0
http://en.wikipedia.org/wiki/Special:Search?search=Tourgasm,2,5,84,0,0,0,0,0,0
http://upload.wikimedia.org/wikipedia/en/thumb/7/72/Oct_5_005.jpg/180px-Oct_5_005.jpg,1,1,1,1,30,53,152,159,0
http://upload.wikimedia.org/wikipedia/en/f/ff/Dire_Straits_-_On_Every_Street.jpg,1,1,1,14,47,146,0,0,0
http://upload.wikimedia.org/wikipedia/commons/thumb/e/ea/Disambig-dark.svg/25px-Disambig-dark.svg.png,1,1,3,1,1,93,153,160,0
http://upload.wikimedia.org/wikipedia/commons/thumb/f/f7/Nuvola_apps_important.svg/45px-Nuvola_apps_important.svg.png,1,1,3,1,16,20,154,161,0
http://upload.wikimedia.org/wikipedia/commons/thumb/f/f1/Diamond-caution.svg/40px-Diamond-caution.svg.png,1,1,3,1,16,147,155,162,0
http://en.wikipedia.org/skins-1.5/common/wikibits.js?97,2,4,7,44,0,0,0,0,0
http://upload.wikimedia.org/wikipedia/commons/thumb/d/d7/Tuberculous_caseous_granuloma_%281%29_TBLB.jpg/180px-Tuberculous_caseous_granuloma_%281%29_TBLB.jpg,1,1,3,1,21,148,156,163,0
http://en.wikipedia.org/wiki/Eliza_Manningham-Buller,2,5,85,0,0,0,0,0,0
http://upload.wikimedia.org/wikipedia/it/thumb/b/bc/Nota_disambigua.svg/18px-Nota_disambigua.svg.png,1,1,38,1,2,149,157,164,0
http://en.wikipedia.org/wiki/Main_Page,2,5,86,0,0,0,0,0,0
http://upload.wikimedia.org/wikipedia/en/thumb/f/f2/Battle_of_kursk_july_1943.jpg/180px-Battle_of_kursk_july_1943.jpg,1,1,1,1,16,150,158,165,0
http://upload.wikimedia.org/wikipedia/commons/thumb/6/6b/Italy-Emblem.svg/85px-Italy-Emblem.svg.png,1,1,3,1,6,5,159,166,0
http://pl.wikipedia.org/images/wikimedia-button.png,4,2,39,0,0,0,0,0,0
http://commons.wikimedia.org/w/index.php?title=MediaWiki:Quick-delete.js&action=raw&ctype=text/javascript,28,3,87,45,0,0,0,0,0
http://upload.wikimedia.org/wikipedia/commons/thumb/1/1a/US_flag_48_stars.svg/22px-US_flag_48_stars.svg.png,1,1,3,1,29,105,160,167,0
http://upload.wikimedia.org/wikipedia/commons/thumb/8/81/Wikimedia-logo.svg/27px-Wikimedia-logo.svg.png,1,1,3,1,15,151,161,168,0
http://upload.wikimedia.org/wikipedia/commons/thumb/8/89/800px-Wiki_plot_03.png/180px-800px-Wiki_plot_03.png,1,1,3,1,15,70,162,169,0
http://upload.wikimedia.org/wikipedia/commons/thumb/8/81/P_linguistics.svg/25px-P_linguistics.svg.png,1,1,3,1,15,151,163,170,0
http://ar.wikipedia.org/w/index.php?title=%D9%85%D9%8A%D8%AF%D9%8A%D8%A7%D9%88%D9%8A%D9%83%D9%8A:Monobook.css&usemsgcache=yes&action=raw&ctype=text/css&smaxage=2678400,29,3,88,2,0,0,0,0,0
http://es.wikipedia.org/skins-1.5/common/IEFixes.js?99,3,4,7,27,0,0,0,0,0
http://upload.wikimedia.org/wikipedia/commons/thumb/4/45/Flag_of_Ireland.svg/22px-Flag_of_Ireland.svg.png,1,1,3,1,3,141,164,171,0
http://upload.wikimedia.org/wikipedia/commons/thumb/0/01/Flag_of_Guinea-Bissau.svg/22px-Flag_of_Guinea-Bissau.svg.png,1,1,3,1,13,26,165,172,0
http://nl.wikipedia.org/skins-1.5/monobook/main.css?99,30,4,6,9,0,0,0,0,0
http://upload.wikimedia.org/wikipedia/en/d/d5/Fleetwood_Mac_-_Heroes_Are_Hard_to_Find.jpg,1,1,1,7,48,152,0,0,0
http://upload.wikimedia.org/wikipedia/en/thumb/2/27/TR_%26_Pinchot_1907.jpg/200px-TR_%26_Pinchot_1907.jpg,1,1,1,1,24,153,166,173,0
http://upload.wikimedia.org/wikipedia/en/thumb/9/90/Canary_Wharf_at_Sunset.jpg/180px-Canary_Wharf_at_Sunset.jpg,1,1,1,1,4,154,167,174,0
http://upload.wikimedia.org/wikipedia/commons/thumb/5/50/Flag_of_the_Pacific_Community.svg/80px-Flag_of_the_Pacific_Community.svg.png,1,1,3,1,7,155,168,175,0
http://upload.wikimedia.org/wikipedia/commons/thumb/0/0f/LocationAfrica.png/100px-LocationAfrica.png,1,1,3,1,13,23,169,176,0
http://upload.wikimedia.org/wikipedia/commons/thumb/a/ad/DSCN4421.JPG/300px-DSCN4421.JPG,1,1,3,1,11,156,170,177,0
http://de.wikipedia.org/w/extensions/wikihiero/img/hiero_D21.png,5,3,21,18,20,157,0,0,0
http://es.wikipedia.org/skins-1.5/common/images/button_headline.png,3,4,7,4,49,0,0,0,0
http://upload.wikimedia.org/wikipedia/commons/thumb/2/2d/Stub_W.svg/40px-Stub_W.svg.png,1,1,3,1,24,143,171,178,0
http://upload.wikimedia.org/wikipedia/meta/thumb/7/7c/Wikipedia-word.png/174px-Wikipedia-word.png,1,1,70,1,30,60,172,179,0
http://pt.wikipedia.org/wiki/Caroteno,7,5,89,0,0,0,0,0,0
http://upload.wikimedia.org/wikipedia/commons/thumb/2/22/Heckert_GNU_white.svg/64px-Heckert_GNU_white.svg.png,1,1,3,1,24,158,173,180,0
http://upload.wikimedia.org/wikipedia/nl/b/bc/Wiki.png,1,1,90,21,26,44,0,0,0
http://en.wikipedia.org/wiki/Revivalism,2,5,91,0,0,0,0,0,0
http://es.wikipedia.org/wiki/Aleister_Crowley,3,5,92,0,0,0,0,0,0
http://en.wikipedia.org/style/monobook/IE60Fixes.css,2,9,6,46,0,0,0,0,0
http://upload.wikimedia.org/wikipedia/commons/thumb/f/fa/Wikiquote-logo.svg/25px-Wikiquote-logo.svg.png,1,1,3,1,16,57,44,181,0
http://upload.wikimedia.org/wikipedia/commons/thumb/f/fb/Yes_check.svg/50px-Yes_check.svg.png,1,1,3,1,16,130,174,182,0
http://upload.wikimedia.org/wikipedia/commons/thumb/f/fb/ContratorpederoDestructor.jpg/250px-ContratorpederoDestructor.jpg,1,1,3,1,16,130,175,183,0
http://en.wikipedia.org/skins-1.5/monobook/main.css?97,2,4,6,36,0,0,0,0,0
http://upload.wikimedia.org/wikipedia/commons/thumb/9/9e/Flag_of_Japan.svg/22px-Flag_of_Japan.svg.png,1,1,3,1,4,159,176,184,0
http://it.wikipedia.org/skins-1.5/monobook/external.png,13,4,6,12,0,0,0,0,0
http://upload.wikimedia.org/wikipedia/commons/thumb/d/d0/Flag_of_Mozambique.svg/18px-Flag_of_Mozambique.svg.png,1,1,3,1,21,125,177,185,0
http://pt.wikipedia.org/w/index.php?title=MediaWiki:Common.css&usemsgcache=yes&action=raw&ctype=text/css&smaxage=2678400,7,3,13,2,0,0,0,0,0
http://upload.wikimedia.org/wikipedia/commons/thumb/2/21/Schwerin_castle-2.jpg/120px-Schwerin_castle-2.jpg,1,1,3,1,24,160,178,186,0
http://upload.wikimedia.org/wikipedia/commons/thumb/4/4c/Emblem-important.svg/40px-Emblem-important.svg.png,1,1,3,1,3,75,179,187,0
http://upload.wikimedia.org/wikipedia/commons/thumb/4/4a/Commons-logo.svg/20px-Commons-logo.svg.png,1,1,3,1,3,3,3,188,0
http://ar.wikipedia.org/skins-1.5/common/commonPrint.css?97,29,4,7,29,0,0,0,0,0
http://upload.wikimedia.org/wikipedia/commons/thumb/c/c6/Gentile_Bellini_003.jpg/180px-Gentile_Bellini_003.jpg,1,1,3,1,12,61,180,189,0
http://upload.wikimedia.org/math/a/1/4/a1482454f55ff9b171a6e13cf3a73a6f.png,1,7,41,16,3,161,0,0,0
http://upload.wikimedia.org/math/2/8/8/288da8cdc3c8f13bcc989c93fbf776bf.png,1,7,93,28,15,162,0,0,0
http://upload.wikimedia.org/wikipedia/commons/thumb/6/69/Sharapova061021-01.jpg/200px-Sharapova061021-01.jpg,1,1,3,1,6,163,181,190,0
http://it.wikipedia.org/skins-1.5/monobook/user.gif,13,4,6,13,0,0,0,0,0
http://upload.wikimedia.org/wikipedia/en/7/73/Vs-dec-pdp-1.jpg,1,1,1,20,50,164,0,0,0
http://upload.wikimedia.org/wikipedia/commons/thumb/9/93/Letter_of_credit_1.png/180px-Letter_of_credit_1.png,1,1,3,1,4,165,182,191,0
http://upload.wikimedia.org/wikipedia/commons/thumb/9/9c/Flag_of_Denmark.svg/22px-Flag_of_Denmark.svg.png,1,1,3,1,4,166,183,192,0
http://ja.wikipedia.org/skins-1.5/common/images/poweredby_mediawiki_88x31.png,17,4,7,4,5,0,0,0,0
http://upload.wikimedia.org/wikipedia/commons/4/46/Wbar_blue.jpg,1,1,3,43,51,167,0,0,0
http://sv.wikipedia.org/skins-1.5/common/ajax.js?99,11,4,7,10,0,0,0,0,0
http://upload.wikimedia.org/wikipedia/commons/thumb/c/ce/Wikitext.svg/50px-Wikitext.svg.png,1,1,3,1,12,168,184,193,0
http://upload.wikimedia.org/wikipedia/en/6/60/Wikinews-logo-51px.png,1,1,1,23,52,169,0,0,0
http://upload.wikimedia.org/wikipedia/commons/4/42/Brain_animated_color_nevit.gif,1,1,3,43,53,170,0,0,0
http://he.wikipedia.org/skins-1.5/monobook/main.css?99,27,4,6,9,0,0,0,0,0
http://en.wikipedia.org/wiki/Special:Search?search=karam+apna+apna,2,5,94,0,0,0,0,0,0
http://en.wikipedia.org/wiki/Sheave_(mechanical),2,5,95,0,0,0,0,0,0
http://upload.wikimedia.org/wikipedia/commons/thumb/9/9e/Zhongwen.svg/65px-Zhongwen.svg.png,1,1,3,1,4,159,185,194,0
http://es.wikipedia.org/skins-1.5/common/wikibits.js?99,3,4,7,24,0,0,0,0,0
http://upload.wikimedia.org/wikipedia/commons/thumb/0/04/Flag_of_Gabon.svg/22px-Flag_of_Gabon.svg.png,1,1,3,1,13,171,186,195,0
http://upload.wikimedia.org/wikipedia/commons/thumb/a/a9/Probus_Musei_Capitolini_MC493.jpg/60px-Probus_Musei_Capitolini_MC493.jpg,1,1,3,1,11,21,187,196,0
http://de.wikipedia.org/w/extensions/LuceneSearch/lucenesearch.css,5,3,21,35,36,0,0,0,0
http://upload.wikimedia.org/wikipedia/commons/7/73/Illu_colorectal_anatomy.jpg,1,1,3,20,50,172,0,0,0
http://he.wikipedia.org/skins-1.5/common/shared.css?99,27,4,7,11,0,0,0,0,0
http://upload.wikimedia.org/wikipedia/en/thumb/b/b8/Don_juan_demarco.jpg/200px-Don_juan_demarco.jpg,1,1,1,1,2,173,188,197,0
http://de.wikipedia.org/skins-1.5/common/wikibits.js?99,5,4,7,24,0,0,0,0,0
http://upload.wikimedia.org/wikipedia/commons/thumb/d/df/Gnome_globe_current_event.svg/48px-Gnome_globe_current_event.svg.png,1,1,3,1,21,98,189,198,0
http://fr.wikipedia.org/skins-1.5/common/images/button_math.png,10,4,7,4,54,0,0,0,0
http://upload.wikimedia.org/wikipedia/en/thumb/0/03/Mb046c.gif/25px-Mb046c.gif,1,1,1,1,13,174,190,199,0
http://de.wikipedia.org/wiki/Multiple_Sklerose,5,5,96,0,0,0,0,0,0
http://en.wikipedia.org/wiki/Mahdi,2,5,97,0,0,0,0,0,0
http://upload.wikimedia.org/wikipedia/commons/thumb/1/1a/Flag_of_Argentina.svg/22px-Flag_of_Argentina.svg.png,1,1,3,1,29,105,97,200,0
http://upload.wikimedia.org/wikipedia/commons/thumb/d/d6/Wikiquote-logo-en.svg/49px-Wikiquote-logo-en.svg.png,1,1,3,1,21,175,191,201,0
http://en.wikipedia.org/wiki/Father_and_Scout,2,5,98,0,0,0,0,0,0
http://upload.wikimedia.org/wikipedia/commons/thumb/1/1c/Flag_of_North_Ossetia.svg/22px-Flag_of_North_Ossetia.svg.png,1,1,3,1,29,97,192,202,0
http://de.wikipedia.org/skins-1.5/monobook/external.png,5,4,6,12,0,0,0,0,0
http://upload.wikimedia.org/wikipedia/commons/thumb/7/7f/Kit_left_arm.svg/31px-Kit_left_arm.svg.png,1,1,3,1,30,92,193,203,0
http://upload.wikimedia.org/wikipedia/commons/thumb/9/91/Niederlegung_Reichskrone_Seite_1.jpg/200px-Niederlegung_Reichskrone_Seite_1.jpg,1,1,3,1,4,176,194,204,0
http://upload.wikimedia.org/wikipedia/commons/c/c8/Drumkit_notation_drums.png,1,1,3,47,55,177,0,0,0
http://upload.wikimedia.org/wikipedia/commons/thumb/5/51/Flag_of_North_Korea.svg/22px-Flag_of_North_Korea.svg.png,1,1,3,1,7,67,195,205,0
http://en.wikipedia.org/wiki/Conquistador,2,5,99,0,0,0,0,0,0
http://upload.wikimedia.org/wikipedia/commons/thumb/c/ce/Flag_of_Iceland.svg/22px-Flag_of_Iceland.svg.png,1,1,3,1,12,168,196,206,0
http://en.wikipedia.org/wiki/Special:Search?search=graviton&go=Go,2,5,100,0,0,0,0,0,0
http://en.wikipedia.org/wiki/Characters_in_Tsukihime,2,5,101,0,0,0,0,0,0
http://en.wikipedia.org/wiki/Force_%28Star_Wars%29,2,5,102,0,0,0,0,0,0
http://upload.wikimedia.org/wikipedia/commons/thumb/2/2d/Pseudomonas_aeruginosa_Gram.jpg/300px-Pseudomonas_aeruginosa_Gram.jpg,1,1,3,1,24,143,197,207,0
http://upload.wikimedia.org/wikipedia/commons/thumb/8/8a/Michelangelo%27s_Pieta_5450_cropncleaned.jpg/180px-Michelangelo%27s_Pieta_5450_cropncleaned.jpg,1,1,3,1,15,14,198,208,0
http://en.wikipedia.org/wiki/Death_In_June,2,5,103,0,0,0,0,0,0
http://upload.wikimedia.org/wikipedia/commons/thumb/e/e2/ChesapeakeTidalWetlands.jpg/250px-ChesapeakeTidalWetlands.jpg,1,1,3,1,1,103,199,209,0
http://upload.wikimedia.org/wikipedia/commons/thumb/9/99/Flag_of_the_Philippines.svg/22px-Flag_of_the_Philippines.svg.png,1,1,3,1,4,178,200,210,0
http://en.wikipedia.org/favicon.ico,2,6,0,0,0,0,0,0,1
http://en.wikipedia.org/wiki/Dayton,2,5,104,0,0,0,0,0,0
http://upload.wikimedia.org/wikipedia/commons/thumb/0/02/Gloster_Meteor_III_ExCC.jpg/180px-Gloster_Meteor_III_ExCC.jpg,1,1,3,1,13,179,201,211,0
http://upload.wikimedia.org/wikipedia/commons/thumb/0/07/Emo_hair.jpg/100px-Emo_hair.jpg,1,1,3,1,13,180,202,212,0
http://upload.wikimedia.org/wikipedia/commons/thumb/4/4a/Commons-logo.svg/25px-Commons-logo.svg.png,1,1,3,1,3,3,3,213,0
http://upload.wikimedia.org/wikipedia/commons/thumb/c/ca/Nuvola_apps_kcoloredit.png/40px-Nuvola_apps_kcoloredit.png,1,1,3,1,12,89,79,214,0
http://en.wikipedia.org/wiki/Duality_%28song%29,2,5,105,0,0,0,0,0,0
http://pt.wikipedia.org/skins-1.5/monobook/headbg.jpg,7,4,6,8,0,0,0,0,0
http://upload.wikimedia.org/wikipedia/commons/thumb/f/f1/Vala_in_grass.jpg/120px-Vala_in_grass.jpg,1,1,3,1,16,147,203,215,0
http://upload.wikimedia.org/wikipedia/commons/thumb/a/a7/Petrified_forest_log_1_md.jpg/240px-Petrified_forest_log_1_md.jpg,1,1,3,1,11,181,204,216,0
http://en.wikipedia.org/wiki/Wanderlei_Silva,2,5,106,0,0,0,0,0,0
http://upload.wikimedia.org/wikipedia/commons/3/35/Kalzium.jpg,1,1,3,39,56,182,0,0,0
http://upload.wikimedia.org/wikipedia/commons/thumb/5/59/Flag_of_Lebanon.svg/22px-Flag_of_Lebanon.svg.png,1,1,3,1,7,183,205,217,0
http://upload.wikimedia.org/wikipedia/commons/thumb/0/05/Flag_of_Brazil.svg/20px-Flag_of_Brazil.svg.png,1,1,3,1,13,91,82,218,0
http://upload.wikimedia.org/wikipedia/en/thumb/6/69/Gamma_World_Book.jpg/200px-Gamma_World_Book.jpg,1,1,1,1,6,163,206,219,0
http://en.wikipedia.org/wiki/Ancient_Greece,2,5,107,0,0,0,0,0,0
http://upload.wikimedia.org/wikipedia/commons/thumb/f/fc/Flag_of_Mexico.svg/22px-Flag_of_Mexico.svg.png,1,1,3,1,16,184,207,220,0
http://de.wiktionary.org/skins-1.5/monobook/bullet.gif,31,4,6,22,0,0,0,0,0
http://en.wikipedia.org/wiki/Theremin,2,5,108,0,0,0,0,0,0
http://nl.wikipedia.org/skins-1.5/monobook/main.css?90,30,4,6,6,0,0,0,0,0
http://es.wikipedia.org/skins-1.5/common/ajax.js?99,3,4,7,10,0,0,0,0,0
http://upload.wikimedia.org/wikipedia/en/thumb/8/81/NPS_Wilderness_May5.png/400px-NPS_Wilderness_May5.png,1,1,1,1,15,151,208,221,0
http://upload.wikimedia.org/wikipedia/commons/5/56/Ivan_Pavlov_%28Nobel%29.png,1,1,3,30,57,185,0,0,0
http://fr.wikipedia.org/wiki/Zona,10,5,109,0,0,0,0,0,0
http://wikimediafoundation.org/w/index.php?title=MediaWiki:Common.css&usemsgcache=yes&action=raw&ctype=text/css&smaxage=2678400,32,3,13,2,0,0,0,0,0
http://upload.wikimedia.org/wikipedia/fr/e/ea/Transparent3x3.gif,1,1,44,34,58,186,0,0,0
http://upload.wikimedia.org/wikipedia/commons/thumb/3/36/Rembrandt_Harmensz._van_Rijn_038.jpg/300px-Rembrandt_Harmensz._van_Rijn_038.jpg,1,1,3,1,14,78,209,222,0
http://en.wikibooks.org/skins-1.5/monobook/headbg.jpg,18,4,6,8,0,0,0,0,0
http://upload.wikimedia.org/wikipedia/commons/thumb/e/e6/Giraffes_at_west_midlands_safari_park.jpg/250px-Giraffes_at_west_midlands_safari_park.jpg,1,1,3,1,1,187,210,223,0
http://en.wikipedia.org/skins-1.5/common/ajax.js?97,2,4,7,48,0,0,0,0,0
http://www.wikipedia.org/search-redirect.php?search=vaclav+havel&language=en&go=++%3E++&go=Go,19,10,0,0,0,0,0,0,0
http://upload.wikimedia.org/wikipedia/commons/thumb/b/b9/Flag_of_Australia.svg/40px-Flag_of_Australia.svg.png,1,1,3,1,2,2,2,224,0
http://upload.wikimedia.org/wikipedia/en/d/d3/The_Doors_-_Waiting_for_the_Sun.jpg,1,1,1,7,38,188,0,0,0
http://upload.wikimedia.org/wikipedia/commons/thumb/0/09/Flag_of_South_Korea.svg/22px-Flag_of_South_Korea.svg.png,1,1,3,1,13,189,211,225,0
http://upload.wikimedia.org/wikipedia/en/4/41/UK_Royal_Coat_of_Arms.png,1,1,1,43,59,190,0,0,0
http://ja.wikipedia.org/w/index.php?title=%E5%8F%97%E4%BF%A1%E6%84%9F%E5%BA%A6&redirect=no,17,3,110,0,0,0,0,0,0
http://de.wikipedia.org/skins-1.5/monobook/IE60Fixes.css?99,5,4,6,3,0,0,0,0,0
http://upload.wikimedia.org/wikipedia/commons/thumb/4/41/Flag_of_India.svg/22px-Flag_of_India.svg.png,1,1,3,1,3,16,212,226,0
http://en.wikipedia.org/wiki/Salvador_Dal%C3%AD,2,5,111,0,0,0,0,0,0
http://upload.wikimedia.org/wikipedia/commons/thumb/e/e3/Skeleton_woman_back.jpg/15px-Skeleton_woman_back.jpg,1,1,3,1,1,52,213,227,0
http://en.wikipedia.org/wiki/Yorkshire_Terrier,2,5,112,0,0,0,0,0,0
http://upload.wikimedia.org/wikipedia/commons/thumb/e/ef/Crystal_Clear_app_xmag.png/18px-Crystal_Clear_app_xmag.png,1,1,3,1,1,191,214,228,0
http://es.wikipedia.org/skins-1.5/monobook/IE70Fixes.css?99,3,4,6,26,0,0,0,0,0
http://tr.wikipedia.org/skins-1.5/monobook/video.png,33,4,6,49,0,0,0,0,0
http://upload.wikimedia.org/wikipedia/commons/thumb/5/53/Crystal_Clear_app_error.png/50px-Crystal_Clear_app_error.png,1,1,3,1,7,6,215,229,0
http://upload.wikimedia.org/wikipedia/it/f/ff/Wikiquote-logo-15px.png,1,1,38,14,47,192,0,0,0
http://upload.wikimedia.org/wikipedia/en/thumb/f/f6/Gingerreyes.jpg/220px-Gingerreyes.jpg,1,1,1,1,16,72,216,230,0
http://commons.wikimedia.org/skins-1.5/monobook/user.gif,28,4,6,13,0,0,0,0,0
http://en.wikipedia.org/wiki/Image:Chatterton.jpg,2,5,113,0,0,0,0,0,0
http://upload.wikimedia.org/wikipedia/commons/thumb/e/ea/Converted_to_SVG.svg/64px-Converted_to_SVG.svg.png,1,1,3,1,1,93,217,231,0
http://commons.wikimedia.org/skins-1.5/common/commonPrint.css?99,28,4,7,5,0,0,0,0,0
http://es.wikipedia.org/w/index.php?title=MediaWiki:Wikimediaplayer.js&action=raw&ctype=text/javascript&dontcountme=s&smaxage=3600,3,3,114,31,0,0,0,0,0
http://upload.wikimedia.org/wikipedia/en/4/4f/Srokkhmer.png,1,1,1,43,60,193,0,0,0
http://it.wikipedia.org/wiki/Jean-%C3%89tienne_Liotard,13,5,115,0,0,0,0,0,0
http://upload.wikimedia.org/wikipedia/commons/thumb/3/30/Grave_vistrap_inlaat.jpg/120px-Grave_vistrap_inlaat.jpg,1,1,3,1,14,17,218,232,0
http://en.wikipedia.org/wiki/Mean_Girls,2,5,116,0,0,0,0,0,0
http://upload.wikimedia.org/wikipedia/fr/8/86/Icone_BA.png,1,1,44,28,61,194,0,0,0
http://upload.wikimedia.org/wikipedia/en/thumb/d/d9/Mb041c.gif/25px-Mb041c.gif,1,1,1,1,21,79,219,233,0
http://es.wikipedia.org/wiki/Imagen:Illu_epithelium.jpg,3,5,117,0,0,0,0,0,0
http://upload.wikimedia.org/wikipedia/commons/thumb/9/9e/Parallel_telomere_quadruple.png/300px-Parallel_telomere_quadruple.png,1,1,3,1,4,159,220,234,0
http://upload.wikimedia.org/wikipedia/commons/f/f2/Camry07Grille-small.jpg,1,1,3,14,62,195,0,0,0
http://en.wikipedia.org/wiki/Virginie_Ledoyen,2,5,118,0,0,0,0,0,0
http://upload.wikimedia.org/wikipedia/commons/thumb/2/25/Galice_castro.jpg/120px-Galice_castro.jpg,1,1,3,1,24,196,221,235,0
http://upload.wikimedia.org/wikipedia/en/thumb/e/ec/Replace_this_image_female.svg/220px-Replace_this_image_female.svg.png,1,1,1,1,1,109,222,236,0
http://es.wikipedia.org/w/index.php?title=-&action=raw&gen=css&maxage=2678400,3,3,12,0,0,0,0,0,0
http://upload.wikimedia.org/wikipedia/commons/thumb/d/df/IIT_Kharagpur_Main_Building.JPG/270px-IIT_Kharagpur_Main_Building.JPG,1,1,3,1,21,98,223,237,0
http://pl.wikipedia.org/skins-1.5/monobook/document.png,4,4,6,50,0,0,0,0,0
http://de.wiktionary.org/skins-1.5/common/wikibits.js?99,31,4,7,24,0,0,0,0,0
http://upload.wikimedia.org/wikipedia/he/a/a4/History.gif,1,1,119,17,63,197,0,0,0
http://de.wikipedia.org/w/index.php?title=MediaWiki:Monobook.css&usemsgcache=yes&action=raw&ctype=text/css&smaxage=2678400,5,3,5,2,0,0,0,0,0
http://www.wikipedia.org/search-redirect.php?search=rick+astley&language=en&go=Go,19,11,0,0,0,0,0,0,0
http://pt.wikipedia.org/skins-1.5/common/images/magnify-clip.png,7,4,7,4,8,0,0,0,0
http://en.wikinews.org/w/wiki.phtml?title=Special:Recentchanges&feed=rss,34,3,120,0,0,0,0,0,0
http://upload.wikimedia.org/wikipedia/commons/thumb/2/22/Francois_assise_tristan.jpg/200px-Francois_assise_tristan.jpg,1,1,3,1,24,158,224,238,0
http://fr.wiktionary.org/skins-1.5/common/IEFixes.js?99,21,4,7,27,0,0,0,0,0
http://upload.wikimedia.org/wikipedia/commons/thumb/0/03/Tyne_Bridge_-_Newcastle_Upon_Tyne_-_England_-_2004-08-14.jpg/180px-Tyne_Bridge_-_Newcastle_Upon_Tyne_-_England_-_2004-08-14.jpg,1,1,3,1,13,174,225,239,0
http://upload.wikimedia.org/wikipedia/commons/thumb/2/25/Le_Toru_Du_MOnde.jpg/200px-Le_Toru_Du_MOnde.jpg,1,1,3,1,24,196,226,240,0
http://upload.wikimedia.org/wikipedia/commons/thumb/0/0a/Crystal_Clear_app_lsongs.png/50px-Crystal_Clear_app_lsongs.png,1,1,3,1,13,198,227,241,0
http://upload.wikimedia.org/wikipedia/commons/thumb/0/0d/Flag_of_Italy_%281861-1946%29_crowned.svg/22px-Flag_of_Italy_%281861-1946%29_crowned.svg.png,1,1,3,1,13,199,228,242,0
http://pl.wikipedia.org/wiki/Geografia%20Irlandii%20-%20Wikipedia,4,5,121,0,0,0,0,0,0
http://upload.wikimedia.org/wikipedia/en/thumb/1/1c/Panam2.JPG/350px-Panam2.JPG,1,1,1,1,29,97,229,243,0
http://de.wikipedia.org/wiki/Bill_Cosby,5,5,122,0,0,0,0,0,0
http://upload.wikimedia.org/wikipedia/en/thumb/7/76/Foreigner_-_Double_Vision.jpg/200px-Foreigner_-_Double_Vision.jpg,1,1,1,1,30,200,230,244,0
http://upload.wikimedia.org/wikipedia/en/7/70/85gamlogo.JPG,1,1,1,20,64,201,0,0,0
http://upload.wikimedia.org/wikipedia/commons/thumb/f/fe/Flag_of_Egypt.svg/22px-Flag_of_Egypt.svg.png,1,1,3,1,16,81,231,245,0
http://upload.wikimedia.org/wikipedia/meta/b/ba/Bookshelf-40x20.png,1,1,70,21,65,202,0,0,0
http://upload.wikimedia.org/wikipedia/commons/thumb/a/ae/Plant_cell_structure_svg.svg/251px-Plant_cell_structure_svg.svg.png,1,1,3,1,11,9,232,246,0
http://upload.wikimedia.org/wikipedia/en/7/7d/Indian_Cuisine_Title.jpg,1,1,1,20,66,203,0,0,0
http://nl.wikipedia.org/skins-1.5/monobook/IE70Fixes.css?90,30,4,6,51,0,0,0,0,0
http://upload.wikimedia.org/wikipedia/commons/thumb/2/21/Flag_of_Colombia.svg/22px-Flag_of_Colombia.svg.png,1,1,3,1,24,160,233,247,0
http://upload.wikimedia.org/wikipedia/it/9/96/Gunnar_Gren.jpg,1,1,38,15,67,204,0,0,0
http://upload.wikimedia.org/wikipedia/commons/thumb/c/cd/Varanus_komodoensis3.ogg/mid-Varanus_komodoensis3.ogg.jpg,1,1,3,1,12,205,234,248,0
http://en.wikipedia.org/wiki/,2,5,28,0,0,0,0,0,0
http://upload.wikimedia.org/wikipedia/commons/thumb/e/e5/Wikipedia_Great_Dane_Sultan.jpg/120px-Wikipedia_Great_Dane_Sultan.jpg,1,1,3,1,1,206,235,249,0
http://de.wikipedia.org/w/index.php?title=MediaWiki:Pagecounter.js&action=raw&ctype=text/javascript&dontcountme=s&smaxage=3600,5,3,123,31,0,0,0,0,0
http://upload.wikimedia.org/wikipedia/en/thumb/2/23/Fires_yellowstone.jpg/180px-Fires_yellowstone.jpg,1,1,1,1,24,55,236,250,0
http://es.wikipedia.org/w/index.php?title=MediaWiki:NavigationBar.js&action=raw&smaxage=3600&ctype=text/javascript&dontcountme=s,3,3,124,32,0,0,0,0,0
http://es.wikipedia.org/skins-1.5/monobook/Opera7Fixes.css,3,4,6,52,0,0,0,0,0
http://upload.wikimedia.org/wikipedia/commons/thumb/c/cf/Vw_derby_2_v_sst.jpg/100px-Vw_derby_2_v_sst.jpg,1,1,3,1,12,119,237,251,0
http://upload.wikimedia.org/wikipedia/commons/thumb/a/a8/Palaciodecristalporto.jpg/220px-Palaciodecristalporto.jpg,1,1,3,1,11,207,238,252,0
http://en.wikipedia.org/wiki/Newark_Liberty_International_Airport,2,5,125,0,0,0,0,0,0
http://commons.wikimedia.org/w/index.php?title=MediaWiki:ResizeGalleries.js&action=raw&ctype=text/javascript,28,3,126,45,0,0,0,0,0
http://de.wikipedia.org/w/index.php?title=-&action=raw&gen=js&useskin=monobook,5,3,4,0,0,0,0,0,0
http://csb.wikipedia.org/skins-1.5/common/shared.css?99,35,4,7,11,0,0,0,0,0
http://upload.wikimedia.org/wikipedia/commons/thumb/1/16/Mozambique_n2.jpg/280px-Mozambique_n2.jpg,1,1,3,1,29,208,239,253,0
http://fi.wikipedia.org/w/index.php?title=-&action=raw&smaxage=0&gen=js&useskin=monobook,12,3,81,0,0,0,0,0,0
http://de.wikipedia.org/wiki/Klaus_Wabra,5,5,127,0,0,0,0,0,0
http://upload.wikimedia.org/wikipedia/en/thumb/8/8a/Into-the-wild.jpg/200px-Into-the-wild.jpg,1,1,1,1,15,14,240,254,0
http://upload.wikimedia.org/wikipedia/commons/thumb/2/2c/P_vip.png/25px-P_vip.png,1,1,3,1,24,209,241,255,0
http://de.wikipedia.org/w/index.php?title=MediaWiki:Common.css&usemsgcache=yes&action=raw&ctype=text/css&smaxage=2678400,5,3,13,2,0,0,0,0,0
http://upload.wikimedia.org/wikipedia/en/d/dd/LocationScotland.png,1,1,1,7,68,210,0,0,0
http://upload.wikimedia.org/wikipedia/commons/thumb/b/b4/Wiktionary-logo-en.png/50px-Wiktionary-logo-en.png,1,1,3,1,2,211,242,256,0
http://upload.wikimedia.org/math/a/1/7/a1791410ec38d050b7d89d4862fadbb2.png,1,7,41,16,30,212,0,0,0
http://upload.wikimedia.org/wikipedia/pl/b/bc/Wiki.png,1,1,128,21,26,44,0,0,0
http://en.wikipedia.org/wiki/Special:Search?search=&go=Go,2,5,129,0,0,0,0,0,0
http://upload.wikimedia.org/wikipedia/commons/thumb/5/58/TulpenbaumG%C3%B6bo.jpg/90px-TulpenbaumG%C3%B6bo.jpg,1,1,3,1,7,213,243,257,0
http://upload.wikimedia.org/wikipedia/commons/thumb/a/a4/Flag_of_the_United_States.svg/25px-Flag_of_the_United_States.svg.png,1,1,3,1,11,214,244,258,0
http://upload.wikimedia.org/wikipedia/commons/thumb/b/be/Flag_of_England.svg/30px-Flag_of_England.svg.png,1,1,3,1,2,215,245,259,0
http://upload.wikimedia.org/wikipedia/commons/thumb/5/55/COA_of_Greece.svg/116px-COA_of_Greece.svg.png,1,1,3,1,7,18,246,260,0
http://upload.wikimedia.org/wikipedia/commons/thumb/7/7f/Japanesesuicide.jpg/180px-Japanesesuicide.jpg,1,1,3,1,30,92,247,261,0
http://de.wikipedia.org/wiki/Spezial:Suche?search=%C3%BCbergesetzlicher+Notstand&go=Artikel,5,5,130,0,0,0,0,0,0
http://upload.wikimedia.org/wikipedia/en/8/80/BadReligionAgainstTheGrain.jpg,1,1,1,28,69,216,0,0,0
http://en.wikipedia.org/w/index.php?title=Portal:Current_events/2007_January_7&action=history&feed=atom,2,3,131,53,0,0,0,0,0
http://commons.wikimedia.org/w/index.php?title=-&action=raw&gen=css&maxage=2678400,28,3,12,0,0,0,0,0,0
http://www.wikimedia.org/favicon.ico,36,6,0,0,0,0,0,0,0
http://de.wikipedia.org/wiki/Schnurrbart,5,5,132,0,0,0,0,0,0
http://upload.wikimedia.org/wikipedia/commons/c/cc/Annafaris07.jpg,1,1,3,47,70,217,0,0,0
http://www.wikipedia.org/search-redirect.php?search=Second+Sight&language=en&go=++%3E++&go=Go,19,12,0,0,0,0,0,0,0
http://upload.wikimedia.org/wikipedia/commons/thumb/f/fa/Wikiquote-logo.svg/23px-Wikiquote-logo.svg.png,1,1,3,1,16,57,44,262,0
http://pt.wikipedia.org/skins-1.5/common/shared.css?99,7,4,7,11,0,0,0,0,0
http://upload.wikimedia.org/wikipedia/commons/thumb/1/10/Flag_of_Scotland.svg/30px-Flag_of_Scotland.svg.png,1,1,3,1,29,218,248,263,0
http://pl.wikipedia.org/wiki/W%C5%82adca_much,4,5,133,0,0,0,0,0,0
http://fr.wikipedia.org/skins-1.5/monobook/main.css?99,10,4,6,9,0,0,0,0,0
http://upload.wikimedia.org/wikipedia/commons/thumb/e/e6/Flag_of_Slovakia.svg/22px-Flag_of_Slovakia.svg.png,1,1,3,1,1,187,249,264,0
http://upload.wikimedia.org/wikipedia/commons/thumb/a/a6/Gnome-speakernotes.png/30px-Gnome-speakernotes.png,1,1,3,1,11,219,250,265,0
http://upload.wikimedia.org/wikipedia/commons/thumb/e/ec/Grand_Entry_Omaha.jpg/350px-Grand_Entry_Omaha.jpg,1,1,3,1,1,109,251,266,0
http://fr.wikipedia.org/skins-1.5/monobook/main.css?97,10,4,6,36,0,0,0,0,0
http://upload.wikimedia.org/wikipedia/commons/thumb/c/cd/Epagneul_picard_685.jpg/120px-Epagneul_picard_685.jpg,1,1,3,1,12,205,252,267,0
http://upload.wikimedia.org/wikipedia/en/thumb/f/f5/Injusticegang.jpg/135px-Injusticegang.jpg,1,1,1,1,16,220,253,268,0
http://upload.wikimedia.org/wikipedia/commons/thumb/f/fc/World_Map_FIFA2.png/220px-World_Map_FIFA2.png,1,1,3,1,16,184,254,269,0
http://upload.wikimedia.org/wikipedia/commons/thumb/9/94/Messschieber.jpg/180px-Messschieber.jpg,1,1,3,1,4,13,255,270,0
http://upload.wikimedia.org/math/1/8/f/18f63800376271ee4b0efe1545744cd6.png,1,7,134,28,16,221,0,0,0
http://en.wikipedia.org/wiki/Black_Velvet_(beer_cocktail),2,5,135,0,0,0,0,0,0
http://en.wikipedia.org/wiki/Joan_Crawford,2,5,136,0,0,0,0,0,0
http://upload.wikimedia.org/wikipedia/commons/thumb/6/6d/Virtualboy.jpg/200px-Virtualboy.jpg,1,1,3,1,6,27,256,271,0
http://upload.wikimedia.org/wikipedia/en/thumb/3/32/Sinclair_ram.JPG/180px-Sinclair_ram.JPG,1,1,1,1,14,222,257,272,0
http://upload.wikimedia.org/wikipedia/en/8/82/AlephZ04-Front-Jacket9.jpg,1,1,1,28,71,223,0,0,0
http://upload.wikimedia.org/wikipedia/commons/thumb/c/c3/Wiktfavicon_en.svg/16px-Wiktfavicon_en.svg.png,1,1,3,1,12,136,258,273,0
http://upload.wikimedia.org/wikipedia/commons/thumb/7/71/Devrim_at_T%C3%BClomsa%C5%9F.jpg/300px-Devrim_at_T%C3%BClomsa%C5%9F.jpg,1,1,3,1,30,138,259,274,0
http://upload.wikimedia.org/wikipedia/commons/thumb/5/53/Cultivo_trigo.jpg/260px-Cultivo_trigo.jpg,1,1,3,1,7,6,260,275,0
http://upload.wikimedia.org/wikipedia/en/6/60/LinkFA-star.png,1,1,1,23,52,224,0,0,0
http://es.wikipedia.org/skins-1.5/monobook/main.css?90,3,4,6,6,0,0,0,0,0
http://ja.wikipedia.org/w/index.php?title=MediaWiki:Monobook.css&usemsgcache=yes&action=raw&ctype=text/css&smaxage=2678400,17,3,5,2,0,0,0,0,0
http://upload.wikimedia.org/wikipedia/commons/thumb/a/a6/World_Bank_building_at_Washington.jpg/180px-World_Bank_building_at_Washington.jpg,1,1,3,1,11,219,261,276,0
http://upload.wikimedia.org/wikipedia/commons/thumb/7/75/SGAE_censura.jpg/180px-SGAE_censura.jpg,1,1,3,1,30,225,262,277,0
http://upload.wikimedia.org/wikipedia/commons/thumb/9/91/Wikiversity-logo.svg/25px-Wikiversity-logo.svg.png,1,1,3,1,4,176,263,278,0
http://upload.wikimedia.org/wikipedia/commons/thumb/6/66/Flag_of_Malaysia.svg/22px-Flag_of_Malaysia.svg.png,1,1,3,1,6,226,264,279,0
http://es.wikipedia.org/wiki/Poker,3,5,137,0,0,0,0,0,0
http://upload.wikimedia.org/wikipedia/commons/thumb/b/bd/The_Commissar_Vanishes_2.jpg/225px-The_Commissar_Vanishes_2.jpg,1,1,3,1,2,227,265,280,0
http://fr.wikipedia.org/w/index.php?title=-&action=raw&gen=css&maxage=2678400,10,3,12,0,0,0,0,0,0
http://upload.wikimedia.org/wikipedia/commons/thumb/2/2c/Broom_icon.svg/40px-Broom_icon.svg.png,1,1,3,1,24,209,266,281,0
http://ja.wikipedia.org/wiki/%E5%B8%82%E4%BA%95%E7%B4%97%E8%80%B6%E9%A6%99,17,5,138,0,0,0,0,0,0
http://en.wikipedia.org/wiki/1918,2,5,139,0,0,0,0,0,0
http://he.wikipedia.org/skins-1.5/common/images/poweredby_mediawiki_88x31.png,27,4,7,4,5,0,0,0,0
http://fr.wikipedia.org/skins-1.5/monobook/external.png,10,4,6,12,0,0,0,0,0
http://de.wikipedia.org/favicon.ico,5,6,0,0,0,0,0,0,0
http://upload.wikimedia.org/wikipedia/commons/thumb/2/27/Flag_of_Moldova.svg/22px-Flag_of_Moldova.svg.png,1,1,3,1,24,153,267,282,0
http://pt.wikipedia.org/w/index.php?title=-&action=raw&gen=css&maxage=2678400,7,3,12,0,0,0,0,0,0
http://nl.wikipedia.org/skins-1.5/monobook/headbg.jpg,30,4,6,8,0,0,0,0,0
http://en.wikipedia.org/wiki/Image:Arodpractice.JPG,2,5,140,0,0,0,0,0,0
http://upload.wikimedia.org/wikipedia/commons/e/e9/Wbar_green3.jpg,1,1,3,34,72,228,0,0,0
http://upload.wikimedia.org/wikipedia/ja/thumb/2/2f/583hibari-revival.jpg/300px-583hibari-revival.jpg,1,1,141,1,24,63,268,283,0
http://upload.wikimedia.org/wikipedia/en/c/c9/Button_strike.png,1,1,1,47,73,229,0,0,0
http://upload.wikimedia.org/wikipedia/commons/thumb/9/9f/Maninboxerbrief.jpg/180px-Maninboxerbrief.jpg,1,1,3,1,4,104,269,284,0
http://lt.wikipedia.org/wiki/Macropoly,37,5,142,0,0,0,0,0,0
http://en.wikipedia.org/wiki/Land_of_Sound,2,5,143,0,0,0,0,0,0
http://upload.wikimedia.org/wikipedia/commons/3/35/LocationIslandIreland.png,1,1,3,39,56,230,0,0,0
http://upload.wikimedia.org/wikipedia/en/thumb/4/4c/US_physiographic_map.jpg/180px-US_physiographic_map.jpg,1,1,1,1,3,75,270,285,0
http://upload.wikimedia.org/wikipedia/commons/thumb/7/78/Flag_of_Chile.svg/20px-Flag_of_Chile.svg.png,1,1,3,1,30,231,271,286,0
http://upload.wikimedia.org/wikipedia/en/b/bd/Wiktionary-logo-51px.gif,1,1,1,21,74,232,0,0,0
http://upload.wikimedia.org/wikipedia/nl/8/85/Hoofdpagina-Pvdw-icon.png,1,1,90,28,75,233,0,0,0
http://upload.wikimedia.org/wikipedia/commons/thumb/7/7c/Nicolas_Sarkozy_-_Sarkozy_meeting_in_Toulouse_for_the_2007_French_presidential_election_0299_2007-04-12_cropped_further.jpg/180px-Nicolas_Sarkozy_-_Sarkozy_meeting_in_Toulouse_for_the_2007_French_presidential_election_0299_2007-04-12_cropped_further.jpg,1,1,3,1,30,60,272,287,0
http://upload.wikimedia.org/wikipedia/commons/thumb/5/5b/Flag_of_Hong_Kong.svg/22px-Flag_of_Hong_Kong.svg.png,1,1,3,1,7,41,273,288,0
http://upload.wikimedia.org/wikipedia/commons/thumb/1/1e/COA_of_Malta.svg/100px-COA_of_Malta.svg.png,1,1,3,1,29,234,274,289,0
http://en.wikipedia.org/wiki/Valley_of_the_Damned_-_Remixed_%26_Remastered,2,5,144,0,0,0,0,0,0
http://upload.wikimedia.org/wikipedia/nl/d/d1/Mensenmaatschappij.png,1,1,90,7,76,235,0,0,0
http://upload.wikimedia.org/wikipedia/commons/thumb/6/62/PD-icon.svg/64px-PD-icon.svg.png,1,1,3,1,6,236,275,290,0
http://en.wikipedia.org/style/commonPrint.css,2,9,145,0,0,0,0,0,0
http://upload.wikimedia.org/wikipedia/en/thumb/9/9b/Docks-transport.jpg/300px-Docks-transport.jpg,1,1,1,1,4,237,276,291,0
http://upload.wikimedia.org/wikipedia/commons/d/d0/Monobook-bullet-star-transparent.png,1,1,3,7,77,238,0,0,0
http://upload.wikimedia.org/wikipedia/commons/b/bd/Pp_calendar_8bits.png,1,1,3,21,74,239,0,0,0
http://upload.wikimedia.org/wikipedia/commons/thumb/8/8e/Urbanova_ve%C5%BEa.jpg/200px-Urbanova_ve%C5%BEa.jpg,1,1,3,1,15,240,277,292,0
http://sv.wikipedia.org/w/index.php?title=MediaWiki:Common.css&usemsgcache=yes&action=raw&ctype=text/css&smaxage=2678400,11,3,13,2,0,0,0,0,0
http://upload.wikimedia.org/math/5/a/1/5a1414637812cb26ee3ddc194d2d6ad9.png,1,7,46,17,29,241,0,0,0
http://upload.wikimedia.org/wikipedia/commons/thumb/1/1a/Miguel_de_Icaza.jpg/225px-Miguel_de_Icaza.jpg,1,1,3,1,29,105,278,293,0
http://upload.wikimedia.org/wikipedia/en/thumb/4/43/Groening_at_comiccon.jpg/200px-Groening_at_comiccon.jpg,1,1,1,1,3,88,279,294,0
http://upload.wikimedia.org/math/a/8/e/a8e552fc976f38536664a53db4e40f39.png,1,7,41,28,1,242,0,0,0
http://en.wikipedia.org/wiki/New_York_Yankees,2,5,146,0,0,0,0,0,0
http://de.wikipedia.org/w/opensearch_desc.php,5,3,15,0,0,0,0,0,0
http://upload.wikimedia.org/wikipedia/commons/thumb/7/72/Disambig.svg/30px-Disambig.svg.png,1,1,3,1,30,53,40,295,0
http://upload.wikimedia.org/wikipedia/commons/thumb/b/b4/Wiktionary-logo-en.png/25px-Wiktionary-logo-en.png,1,1,3,1,2,211,242,296,0
http://upload.wikimedia.org/wikipedia/commons/thumb/7/7f/NH_Route_10.svg/70px-NH_Route_10.svg.png,1,1,3,1,30,92,280,297,0
http://upload.wikimedia.org/wikipedia/commons/thumb/2/21/Flag_of_Colombia.svg/20px-Flag_of_Colombia.svg.png,1,1,3,1,24,160,233,298,0
http://upload.wikimedia.org/wikipedia/commons/thumb/3/34/Flag_of_El_Salvador.svg/22px-Flag_of_El_Salvador.svg.png,1,1,3,1,14,114,281,299,0
http://upload.wikimedia.org/wikipedia/en/e/e3/Wikiversity-logo-41px.png,1,1,1,34,78,243,0,0,0
http://en.wikipedia.org/wiki/List_of_Latin_abbreviations,2,5,147,0,0,0,0,0,0
http://tr.wikipedia.org/skins-1.5/monobook/external.png,33,4,6,12,0,0,0,0,0
http://upload.wikimedia.org/wikipedia/en/thumb/5/5a/World_trade_center_new_york_city_construction_flickr.png/100px-World_trade_center_new_york_city_construction_flickr.png,1,1,1,1,7,244,282,300,0
http://upload.wikimedia.org/wikipedia/commons/thumb/4/45/Logo-Mairie.png/30px-Logo-Mairie.png,1,1,3,1,3,141,283,301,0
http://pl.wikipedia.org/wiki/Specjalna:Contributions/83.6.22.78?namespace=0&limit=60,4,5,148,54,0,0,0,0,0
http://upload.wikimedia.org/wikipedia/commons/c/c9/2of5.png,1,1,3,47,73,245,0,0,0
http://nl.wikipedia.org/skins-1.5/common/shared.css?99,30,4,7,11,0,0,0,0,0
http://upload.wikimedia.org/wikipedia/en/thumb/8/8d/Krillitaneforlist.jpg/250px-Krillitaneforlist.jpg,1,1,1,1,15,246,284,302,0
http://upload.wikimedia.org/wikipedia/commons/thumb/5/5a/Rozh.jpg/150px-Rozh.jpg,1,1,3,1,7,244,285,303,0
http://en.wikipedia.org/wiki/Special:Search/brandi%20carlile,2,5,149,55,0,0,0,0,0
http://upload.wikimedia.org/wikipedia/en/thumb/9/9d/Austin_Powers_in_Goldmember.jpg/100px-Austin_Powers_in_Goldmember.jpg,1,1,1,1,4,247,286,304,0
http://upload.wikimedia.org/wikipedia/en/thumb/7/7e/Little-rascals-1994-dvd.jpg/180px-Little-rascals-1994-dvd.jpg,1,1,1,1,30,248,287,305,0
http://upload.wikimedia.org/wikipedia/commons/8/8c/3of5.png,1,1,3,28,79,249,0,0,0
http://en.wikipedia.org/wiki/Calcium,2,5,150,0,0,0,0,0,0
http://it.wikipedia.org/skins-1.5/common/commonPrint.css?99,13,4,7,5,0,0,0,0,0
http://upload.wikimedia.org/wikipedia/en/thumb/2/27/K10h.jpg/167px-K10h.jpg,1,1,1,1,24,153,288,306,0
http://upload.wikimedia.org/wikipedia/commons/thumb/f/f1/Nuvola_devices_blockdevice.png/16px-Nuvola_devices_blockdevice.png,1,1,3,1,16,147,289,307,0
http://en.wikipedia.org/wiki/Eric_Pohlmann,2,5,151,0,0,0,0,0,0
http://upload.wikimedia.org/wikipedia/en/b/bd/ANNE_FRANK_DIARY_OF_A_YOUNG_GIRL_PB_50.jpg,1,1,1,21,74,250,0,0,0
http://upload.wikimedia.org/wikipedia/commons/thumb/f/fb/Erste_hilfe.svg/20px-Erste_hilfe.svg.png,1,1,3,1,16,130,290,308,0
http://pl.wikipedia.org/skins-1.5/common/wikibits.js?99,4,4,7,24,0,0,0,0,0
http://upload.wikimedia.org/wikipedia/commons/4/4e/Typhoonsizes.jpg,1,1,3,43,45,251,0,0,0
http://upload.wikimedia.org/wikipedia/commons/thumb/1/1c/Flag_of_Jersey.svg/22px-Flag_of_Jersey.svg.png,1,1,3,1,29,97,291,309,0
http://pl.wikipedia.org/wiki/Analiza_SWOT,4,5,152,0,0,0,0,0,0
http://upload.wikimedia.org/wikipedia/commons/thumb/4/4a/Commons-logo.svg/18px-Commons-logo.svg.png,1,1,3,1,3,3,3,60,0
http://upload.wikimedia.org/wikipedia/commons/thumb/8/85/Epagneulfrancais.jpg/120px-Epagneulfrancais.jpg,1,1,3,1,15,252,292,310,0
http://pt.wikipedia.org/wiki/Esquim%C3%B3,7,5,153,0,0,0,0,0,0
http://upload.wikimedia.org/wikipedia/commons/thumb/b/bc/Flag_of_Finland.svg/22px-Flag_of_Finland.svg.png,1,1,3,1,2,149,293,311,0
http://pt.wikipedia.org/skins-1.5/monobook/IE60Fixes.css?99,7,4,6,3,0,0,0,0,0
http://upload.wikimedia.org/wikipedia/en/c/c8/Button_redirect.png,1,1,1,47,55,253,0,0,0
http://upload.wikimedia.org/wikipedia/commons/thumb/3/3d/History_comparison_example.png/180px-History_comparison_example.png,1,1,3,1,14,36,294,312,0
http://upload.wikimedia.org/wikipedia/commons/thumb/6/65/Wiktionary.png/25px-Wiktionary.png,1,1,3,1,6,131,295,313,0
http://upload.wikimedia.org/wikipedia/en/thumb/9/93/Mb007c.gif/25px-Mb007c.gif,1,1,1,1,4,165,296,314,0
http://upload.wikimedia.org/wikipedia/commons/thumb/0/05/FGC_Types.jpg/110px-FGC_Types.jpg,1,1,3,1,13,91,297,315,0
http://upload.wikimedia.org/wikipedia/en/thumb/e/e3/Wikiversity-logo-41px.png/20px-Wikiversity-logo-41px.png,1,1,1,1,1,52,298,316,0
http://upload.wikimedia.org/wikipedia/fr/0/05/Chatellerault_logo.gif,1,1,44,40,80,254,0,0,0
http://fr.wikipedia.org/wiki/Entreprise,10,5,154,0,0,0,0,0,0
http://upload.wikimedia.org/wikipedia/commons/thumb/b/b4/Wiktionary-logo-en.png/35px-Wiktionary-logo-en.png,1,1,3,1,2,211,242,317,0
http://it.wikipedia.org/skins-1.5/common/images/magnify-clip.png,13,4,7,4,8,0,0,0,0
http://upload.wikimedia.org/wikipedia/commons/thumb/0/0c/Titanic-lifeboat.gif/180px-Titanic-lifeboat.gif,1,1,3,1,13,255,299,318,0
http://upload.wikimedia.org/wikipedia/en/thumb/7/7a/Davidpeelthelowereathepopesmok.jpg/180px-Davidpeelthelowereathepopesmok.jpg,1,1,1,1,30,256,300,319,0
http://upload.wikimedia.org/wikipedia/commons/thumb/7/7e/LocationWorld.png/400px-LocationWorld.png,1,1,3,1,30,248,301,320,0
http://en.wikipedia.org/w/extensions/OggHandler/play.png,2,3,21,56,81,0,0,0,0
http://en.wikipedia.org/wiki/On_Your_Feet_Or_On_Your_Knees,2,5,155,0,0,0,0,0,0
http://upload.wikimedia.org/wikipedia/commons/c/c4/Button_ref.png,1,1,3,47,82,257,0,0,0
http://en.wikipedia.org/skins-1.5/common/images/button_extlink.png,2,4,7,4,46,0,0,0,0
http://en.wikipedia.org/wiki/Archipelago,2,5,156,0,0,0,0,0,0
http://de.wikipedia.org/wiki/Fungizid,5,5,157,0,0,0,0,0,0
http://upload.wikimedia.org/wikipedia/commons/thumb/c/ca/Latin_Cross.svg/90px-Latin_Cross.svg.png,1,1,3,1,12,89,302,321,0
http://upload.wikimedia.org/wikipedia/commons/thumb/9/95/AB-AS.svg/16px-AB-AS.svg.png,1,1,3,1,4,258,303,322,0
http://upload.wikimedia.org/wikipedia/commons/thumb/0/0c/Red_pog.svg/8px-Red_pog.svg.png,1,1,3,1,13,255,304,323,0
http://en.wikipedia.org/wiki/Nate_Kaeding,2,5,158,0,0,0,0,0,0
http://upload.wikimedia.org/wikipedia/commons/thumb/d/de/Husaren_V%C3%B6lkerschlacht_bei_Leipzig.jpg/300px-Husaren_V%C3%B6lkerschlacht_bei_Leipzig.jpg,1,1,3,1,21,259,305,324,0
http://upload.wikimedia.org/wikipedia/commons/thumb/3/3a/USS_Perkins_%28DD-26%29.jpg/250px-USS_Perkins_%28DD-26%29.jpg,1,1,3,1,14,260,306,325,0
http://upload.wikimedia.org/wikipedia/de/thumb/0/02/Laikaundpui.jpg/120px-Laikaundpui.jpg,1,1,27,1,13,179,307,326,0
http://upload.wikimedia.org/math/9/a/1/9a1cd6d4142a8ebb927d371012489a2a.png,1,7,25,17,29,261,0,0,0
http://upload.wikimedia.org/wikipedia/it/thumb/b/bd/Coccarda_italia.png/20px-Coccarda_italia.png,1,1,38,1,2,227,308,327,0
http://upload.wikimedia.org/wikipedia/commons/thumb/e/ea/Flag_of_Monaco.svg/40px-Flag_of_Monaco.svg.png,1,1,3,1,1,93,309,328,0
http://upload.wikimedia.org/math/8/a/a/8aabe91ec99642ba211de265cde33fa9.png,1,7,20,17,11,262,0,0,0
http://tr.wikipedia.org/skins-1.5/common/images/button_sig.png,33,4,7,4,10,0,0,0,0
http://upload.wikimedia.org/wikipedia/commons/thumb/6/63/161Theophrastus_161_frontespizio.jpg/180px-161Theophrastus_161_frontespizio.jpg,1,1,3,1,6,263,310,329,0
http://de.wikipedia.org/wiki/Spezial:Suche?search=Syntax&go=Artikel,5,5,159,0,0,0,0,0,0
http://upload.wikimedia.org/wikipedia/commons/thumb/f/f3/LantanaFlowerLeaves-3.jpg/250px-LantanaFlowerLeaves-3.jpg,1,1,3,1,16,38,311,330,0
http://upload.wikimedia.org/wikipedia/de/thumb/6/62/Qsicon_gesprochen.png/15px-Qsicon_gesprochen.png,1,1,27,1,6,236,312,331,0
http://en.wikipedia.org/w/extensions/CategoryTree/CategoryTree.css?1,2,3,21,57,83,0,0,0,0
http://upload.wikimedia.org/wikipedia/commons/thumb/2/24/Wikinews-logo.svg/45px-Wikinews-logo.svg.png,1,1,3,1,24,69,58,332,0
http://upload.wikimedia.org/wikipedia/commons/thumb/1/1a/Searchtool-80%25.png/15px-Searchtool-80%25.png,1,1,3,1,29,105,313,333,0
http://upload.wikimedia.org/wikipedia/commons/thumb/0/01/Flag_of_Sudan.svg/22px-Flag_of_Sudan.svg.png,1,1,3,1,13,26,22,334,0
http://upload.wikimedia.org/wikipedia/commons/thumb/0/03/Flag_of_Italy.svg/95px-Flag_of_Italy.svg.png,1,1,3,1,13,174,314,335,0
http://upload.wikimedia.org/wikipedia/en/thumb/f/f7/Kurdistan_Workers_Party_flag_%28current%29.gif/22px-Kurdistan_Workers_Party_flag_%28current%29.gif,1,1,1,1,16,20,315,336,0
http://commons.wikimedia.org/w/index.php?title=MediaWiki:Edittools.js&action=raw&ctype=text/javascript,28,3,160,45,0,0,0,0,0
http://upload.wikimedia.org/wikipedia/commons/thumb/b/b8/Christian_III_of_Denmark.jpg/160px-Christian_III_of_Denmark.jpg,1,1,3,1,2,173,316,337,0
http://upload.wikimedia.org/wikipedia/commons/thumb/9/9e/Flag_of_Japan.svg/20px-Flag_of_Japan.svg.png,1,1,3,1,4,159,176,338,0
http://upload.wikimedia.org/wikipedia/commons/thumb/0/04/Porsche_968.jpg/100px-Porsche_968.jpg,1,1,3,1,13,171,317,339,0
http://upload.wikimedia.org/wikipedia/commons/thumb/3/3c/600px_Bianco_e_Azzurro2.png/20px-600px_Bianco_e_Azzurro2.png,1,1,3,1,14,264,318,340,0
http://upload.wikimedia.org/wikipedia/commons/thumb/3/34/Loch_Ness_Urquhart.jpg/180px-Loch_Ness_Urquhart.jpg,1,1,3,1,14,114,319,341,0
http://upload.wikimedia.org/wikipedia/commons/thumb/5/51/Bluemlisalp.jpg/300px-Bluemlisalp.jpg,1,1,3,1,7,67,320,342,0
http://upload.wikimedia.org/wikipedia/commons/thumb/4/41/Gray202.png/83px-Gray202.png,1,1,3,1,3,16,321,343,0
http://en.wikipedia.org/wiki/Infiniti_QX56,2,5,161,0,0,0,0,0,0
http://upload.wikimedia.org/wikipedia/commons/thumb/9/96/Eastern_Front_1943-08_to_1944-12.png/180px-Eastern_Front_1943-08_to_1944-12.png,1,1,3,1,4,77,322,344,0
http://upload.wikimedia.org/wikipedia/commons/thumb/1/19/Flag_of_Andorra.svg/22px-Flag_of_Andorra.svg.png,1,1,3,1,29,265,323,345,0
http://en.wikipedia.org/skins-1.5/monobook/IE60Fixes.css?97,2,4,6,58,0,0,0,0,0
http://upload.wikimedia.org/wikipedia/commons/thumb/b/b9/2-4e_R%C3%A9giment_de_chasseurs_%C3%A0_cheval_belges.jpg/400px-2-4e_R%C3%A9giment_de_chasseurs_%C3%A0_cheval_belges.jpg,1,1,3,1,2,2,324,346,0
http://it.wikipedia.org/skins-1.5/monobook/main.css?99,13,4,6,9,0,0,0,0,0
http://upload.wikimedia.org/wikipedia/en/d/d8/1francofrancese1991front.jpg,1,1,1,7,28,266,0,0,0
http://upload.wikimedia.org/wikipedia/en/thumb/3/30/II-2album.jpg/180px-II-2album.jpg,1,1,1,1,14,17,325,347,0
http://upload.wikimedia.org/wikipedia/commons/thumb/b/b2/Wappen_Albstadt.png/116px-Wappen_Albstadt.png,1,1,3,1,2,267,326,348,0
http://upload.wikimedia.org/wikipedia/en/thumb/1/1b/Eosinophil.jpg/75px-Eosinophil.jpg,1,1,1,1,29,268,327,349,0
http://upload.wikimedia.org/wikipedia/commons/thumb/e/ec/EU_location_FRA.png/330px-EU_location_FRA.png,1,1,3,1,1,109,328,350,0
http://en.wikipedia.org/wiki/Microsoft_Visual_Studio,2,5,162,0,0,0,0,0,0
http://upload.wikimedia.org/wikipedia/commons/thumb/9/93/Lucas_Cranach_d._%C3%84._007.jpg/300px-Lucas_Cranach_d._%C3%84._007.jpg,1,1,3,1,4,165,329,351,0
http://upload.wikimedia.org/wikipedia/commons/thumb/c/cb/Flag_of_the_Czech_Republic.svg/22px-Flag_of_the_Czech_Republic.svg.png,1,1,3,1,12,128,330,352,0
http://en.wikipedia.org/wiki/Special:Search?search=US+VP,2,5,163,0,0,0,0,0,0
http://upload.wikimedia.org/wikipedia/tr/b/bc/Wiki.png,1,1,164,21,26,44,0,0,0
http://upload.wikimedia.org/wikipedia/en/thumb/b/be/The_Blue_Lagoon_DVD.jpg/180px-The_Blue_Lagoon_DVD.jpg,1,1,1,1,2,215,331,353,0
http://upload.wikimedia.org/wikipedia/commons/thumb/9/91/Wikiversity-logo.svg/35px-Wikiversity-logo.svg.png,1,1,3,1,4,176,263,354,0
http://upload.wikimedia.org/wikipedia/en/thumb/6/6b/Hpheadquartersentrance.jpg/180px-Hpheadquartersentrance.jpg,1,1,1,1,6,5,332,355,0
http://upload.wikimedia.org/wikipedia/commons/thumb/0/06/Estatuablanco.JPG/150px-Estatuablanco.JPG,1,1,3,1,13,86,333,356,0
http://en.wikipedia.org/wiki/Florence_Nightingale,2,5,165,0,0,0,0,0,0
http://upload.wikimedia.org/wikipedia/commons/thumb/f/f3/Open_book_01.svg/30px-Open_book_01.svg.png,1,1,3,1,16,38,334,357,0
http://commons.wikimedia.org/w/index.php?title=Mediawiki:Wikimediaplayer.js&action=raw&ctype=text/javascript&dontcountme=s,28,3,166,32,0,0,0,0,0
http://en.wikipedia.org/wiki/List_of_The_4400_episodes,2,5,167,0,0,0,0,0,0
